Fecha,Abrir,Alto,Bajo,Cierre*,Cierre ajustado**,Volumen
12/10/2022,6.83,6.93,6.71,6.84,6.84,25678030
11/10/2022,6.91,6.96,6.72,6.83,6.83,25100225
10/10/2022,7.11,7.14,6.89,6.89,6.89,13802404
07/10/2022,7.27,7.3,7.09,7.12,7.12,18452629
06/10/2022,7.29,7.41,7.2,7.29,7.29,20786636
05/10/2022,7.35,7.42,7.23,7.3,7.3,18452720
04/10/2022,7.05,7.48,7.05,7.47,7.47,29699094
03/10/2022,6.97,7.09,6.83,7,7,14200538
30/09/2022,6.85,6.99,6.82,6.96,6.96,37407678
29/09/2022,6.79,6.92,6.61,6.9,6.9,27253368
28/09/2022,6.74,6.91,6.69,6.83,6.83,31225819
27/09/2022,6.83,6.94,6.63,6.72,6.72,25459099
26/09/2022,6.96,7.03,6.75,6.75,6.75,16271355
23/09/2022,6.99,7,6.8,6.97,6.97,33889932
22/09/2022,7.16,7.21,6.95,7.05,7.05,26089745
21/09/2022,7.14,7.37,7.13,7.19,7.19,38660250
20/09/2022,7.39,7.39,7.08,7.13,7.13,33450883
19/09/2022,7.29,7.4,7.17,7.36,7.36,30537348
15/09/2022,7.59,7.74,7.21,7.26,7.26,88414424
14/09/2022,7.77,7.77,7.53,7.56,7.56,28073140
13/09/2022,7.88,7.93,7.68,7.72,7.72,11104198
12/09/2022,7.91,8.05,7.9,8,8,11344674
09/09/2022,7.71,7.92,7.71,7.88,7.88,10737320
08/09/2022,7.73,7.73,7.51,7.67,7.67,20138037
07/09/2022,7.6,7.76,7.52,7.73,7.73,21750224
06/09/2022,7.75,7.87,7.58,7.63,7.63,12875081
05/09/2022,7.84,7.91,7.69,7.71,7.71,985599
02/09/2022,7.72,7.93,7.65,7.8,7.8,19398350
01/09/2022,7.45,7.74,7.29,7.66,7.66,34898851
31/08/2022,7.73,7.84,7.43,7.47,7.47,69556647
30/08/2022,7.87,7.95,7.66,7.71,7.71,19698554
29/08/2022,8.09,8.09,7.8,7.82,7.82,26308079
26/08/2022,8.16,8.17,8,8.03,8.03,5199616
25/08/2022,8.3,8.41,8.23,8.37,8.37,9991012
24/08/2022,8.37,8.42,8.2,8.23,8.23,9934090
23/08/2022,8.42,8.47,8.23,8.38,8.38,24415188
22/08/2022,8.61,8.61,8.35,8.37,8.37,20708599
19/08/2022,8.81,8.82,8.64,8.66,8.66,15784914
18/08/2022,8.99,8.99,8.79,8.88,8.88,18456511
17/08/2022,9.09,9.09,8.95,9,9,35246704
16/08/2022,9.07,9.14,8.85,9.1,9.1,28146728
15/08/2022,9.2,9.25,9.05,9.05,9.05,18411391
12/08/2022,9.15,9.24,9.05,9.21,9.21,19957550
11/08/2022,9.04,9.24,8.96,9.03,9.03,22479726
10/08/2022,8.89,9.17,8.83,8.99,8.99,43548974
09/08/2022,8.98,8.99,8.74,8.75,8.75,25148041
08/08/2022,8.86,9.19,8.86,9.01,9.01,31911648
05/08/2022,8.67,8.92,8.58,8.86,8.86,26335604
04/08/2022,8.87,9.05,8.68,8.78,8.78,49874878
03/08/2022,8.55,8.94,8.42,8.89,8.89,36732836
02/08/2022,8.37,8.59,8.2,8.54,8.54,26284811
01/08/2022,8.2,8.4,8.03,8.38,8.38,19093008
29/07/2022,8.16,8.38,8.15,8.23,8.23,44329365
28/07/2022,8.02,8.16,7.84,8.13,8.13,18856697
27/07/2022,8.06,8.07,7.86,8.03,8.03,22534355
26/07/2022,8.33,8.33,7.97,8,8,24552616
25/07/2022,8.22,8.34,8.04,8.31,8.31,10282102
22/07/2022,8.27,8.43,8.2,8.22,8.22,9535137
21/07/2022,8.13,8.3,7.99,8.25,8.25,16902546
20/07/2022,8.14,8.27,8.05,8.11,8.11,14247788
19/07/2022,8.05,8.2,8,8.16,8.16,21430016
18/07/2022,8.05,8.2,7.92,7.95,7.95,12716021
15/07/2022,7.95,8.07,7.87,8.04,8.04,8289864
14/07/2022,8.03,8.05,7.8,7.92,7.92,18090823
13/07/2022,7.98,8.12,7.83,8.08,8.08,19352596
12/07/2022,7.87,8.13,7.83,8.08,8.08,28703156
11/07/2022,7.98,8.05,7.79,7.85,7.85,8304512
08/07/2022,8,8.08,7.84,8.07,8.07,17730118
07/07/2022,8.09,8.27,8,8.03,8.03,22963646
06/07/2022,8.04,8.2,7.95,8.04,8.04,24300505
05/07/2022,7.7,8.05,7.56,8.01,8.01,25663650
04/07/2022,7.8,7.91,7.71,7.75,7.75,6254285
01/07/2022,7.77,7.93,7.71,7.81,7.81,13483052
30/06/2022,7.76,7.88,7.53,7.83,7.83,47756391
29/06/2022,7.87,7.96,7.66,7.85,7.85,40296102
28/06/2022,7.93,8.1,7.77,7.87,7.87,47249246
27/06/2022,7.85,7.93,7.63,7.87,7.87,29928140
24/06/2022,7.5,7.97,7.39,7.83,7.83,43314287
23/06/2022,7.29,7.55,7.24,7.49,7.49,39868192
22/06/2022,7.25,7.33,7.08,7.28,7.28,37434971
21/06/2022,7.22,7.39,7.01,7.35,7.35,35676634
20/06/2022,7.01,7.22,6.99,7.18,7.18,3679644
17/06/2022,6.9,7.21,6.69,6.95,6.95,258491328
16/06/2022,7.08,7.26,6.79,6.82,6.82,58912541
15/06/2022,7.61,7.61,7.17,7.19,7.19,53748279
14/06/2022,7.67,7.68,7.44,7.49,7.49,32598512
13/06/2022,7.7,7.72,7.4,7.56,7.56,74597218
10/06/2022,8.05,8.1,7.78,7.83,7.83,31867936
09/06/2022,8.39,8.39,8.13,8.16,8.16,33633705
08/06/2022,8.56,8.56,8.32,8.4,8.4,20767590
07/06/2022,8.54,8.63,8.39,8.61,8.61,11903495
06/06/2022,8.63,8.78,8.56,8.62,8.62,14340627
03/06/2022,8.59,8.6,8.42,8.55,8.55,18032436
02/06/2022,8.83,8.86,8.59,8.63,8.63,22300497
01/06/2022,9.25,9.31,8.78,8.86,8.86,26621066
31/05/2022,9.02,9.37,8.79,9.26,9.26,180773159
30/05/2022,9.07,9.26,9.05,9.19,9.19,9102538
27/05/2022,8.78,9.1,8.78,9.04,9.04,28165063
26/05/2022,8.59,8.88,8.58,8.78,8.78,14054647
25/05/2022,8.38,8.64,8.36,8.59,8.59,23242950
24/05/2022,8.64,8.64,8.28,8.4,8.4,35808153
23/05/2022,8.91,8.94,8.66,8.73,8.73,17149471
20/05/2022,8.9,9.25,8.67,8.81,8.81,26929944
19/05/2022,8.58,8.93,8.45,8.72,8.72,24186335
18/05/2022,8.79,8.88,8.53,8.64,8.64,30359001
17/05/2022,8.79,9,8.71,8.89,8.89,26263483
16/05/2022,8.22,8.73,8.16,8.7,8.7,27788087
13/05/2022,8.31,8.45,8.23,8.26,8.26,26598637
12/05/2022,8.07,8.4,7.85,8.18,8.18,54832020
11/05/2022,8.15,8.37,8.06,8.13,8.13,38365437
10/05/2022,8.19,8.37,7.96,8.21,8.21,66502144
09/05/2022,8.4,8.48,8.07,8.13,8.13,32125665
06/05/2022,8.73,8.85,8.41,8.51,8.51,43424266
05/05/2022,8.99,9.04,8.51,8.71,8.71,46228023
04/05/2022,9.04,9.19,8.83,9.15,9.15,24280133
03/05/2022,9.06,9.16,8.9,9.07,9.07,25309400
02/05/2022,8.98,9.07,8.8,8.99,8.99,20363724
29/04/2022,9.18,9.5,8.93,8.98,8.98,34249616
28/04/2022,9.16,9.52,8.87,9.25,9.25,47193229
27/04/2022,8.6,8.81,8.57,8.73,8.73,25475863
26/04/2022,8.88,8.94,8.53,8.58,8.58,31563523
25/04/2022,8.98,8.98,8.66,8.9,8.9,40769023
22/04/2022,9.35,9.36,8.93,8.98,8.98,22040068
21/04/2022,9.93,9.94,9.3,9.33,9.33,25327852
20/04/2022,9.76,10.04,9.73,9.83,9.83,34224509
19/04/2022,9.23,9.73,9.21,9.67,9.67,28630052
18/04/2022,9.48,9.5,9.18,9.21,9.21,26758950
13/04/2022,9.05,9.5,9.05,9.47,9.47,20681503
12/04/2022,9.28,9.44,8.98,9.02,9.02,43330646
11/04/2022,9.13,9.32,9.05,9.12,9.12,27835506
08/04/2022,9.63,9.63,9.16,9.21,9.21,25267290
07/04/2022,9.87,9.9,9.61,9.68,9.68,33698028
06/04/2022,10.2,10.2,9.79,9.86,9.86,54492153
05/04/2022,10.5,10.5,10.13,10.2,10.2,49837550
04/04/2022,10.62,10.91,10.54,10.58,10.58,18156905
01/04/2022,10.69,10.78,10.34,10.56,10.56,57494311
31/03/2022,10.61,10.82,10.58,10.69,10.69,57877572
30/03/2022,10.89,10.9,10.51,10.61,10.61,66183610
29/03/2022,10.66,11.05,10.57,10.92,10.92,37869416
28/03/2022,10.71,10.71,10.48,10.54,10.54,17884199
25/03/2022,10.69,10.75,10.55,10.69,10.69,36801259
24/03/2022,10.7,10.81,10.56,10.69,10.69,33001870
23/03/2022,10.78,10.78,10.45,10.58,10.58,18840559
22/03/2022,10.85,10.88,10.65,10.76,10.76,38406529
18/03/2022,10.59,10.85,10.44,10.81,10.81,124969512
17/03/2022,10.6,10.7,10.46,10.65,10.65,31246613
16/03/2022,10.35,10.66,10.33,10.58,10.58,44628706
15/03/2022,10.04,10.34,9.76,10.3,10.3,70185519
14/03/2022,10.15,10.25,9.78,9.96,9.96,49896683
11/03/2022,10.08,10.32,9.98,10.1,10.1,23478480
10/03/2022,10.33,10.36,9.94,9.98,9.98,39916702
09/03/2022,10.38,10.55,10.15,10.47,10.47,59654742
08/03/2022,9.65,10.34,9.54,10.29,10.29,80734715
07/03/2022,10.04,10.05,9.35,9.54,9.54,63985836
04/03/2022,10.5,10.54,9.81,10.03,10.03,89466194
03/03/2022,10.6,10.76,10.46,10.57,10.57,62868010
02/03/2022,10.47,10.63,10.25,10.55,10.55,50359302
01/03/2022,10.5,10.64,10.35,10.41,10.41,45794811
28/02/2022,10.44,10.58,10.29,10.52,10.52,93748368
25/02/2022,10.49,10.74,10.43,10.56,10.56,64638403
24/02/2022,10.2,10.49,10.03,10.4,10.4,67140584
23/02/2022,11.28,11.28,10.36,10.52,10.52,85689001
22/02/2022,11.4,11.61,11.1,11.28,11.28,33781949
21/02/2022,11.39,11.5,11.29,11.34,11.34,1333898
18/02/2022,11.5,11.71,11.38,11.42,11.42,22864810
17/02/2022,11.62,11.69,11.39,11.5,11.5,28087785
16/02/2022,11.63,11.8,11.46,11.67,11.67,36461632
15/02/2022,11.19,11.74,11.18,11.68,11.68,53682027
14/02/2022,11.45,11.53,11.06,11.13,11.13,49650235
11/02/2022,11.62,11.74,11.34,11.56,11.56,50471057
10/02/2022,12.37,12.44,11.51,11.59,11.59,51009166
09/02/2022,12.32,12.53,12.14,12.47,12.47,34184269
08/02/2022,12.29,12.29,11.97,12.23,12.23,33328462
04/02/2022,12.4,12.48,12.24,12.33,12.33,16641566
03/02/2022,12.75,12.85,12.38,12.41,12.41,25788765
02/02/2022,12.81,12.99,12.69,12.82,12.82,29369659
01/02/2022,12.75,12.91,12.64,12.73,12.73,13791206
31/01/2022,12.64,12.69,12.43,12.6,12.6,48813998
28/01/2022,12.49,12.79,12.31,12.66,12.66,47961285
27/01/2022,12.58,12.91,12.26,12.43,12.43,43277762
26/01/2022,12.45,12.91,12.45,12.53,12.53,62616251
25/01/2022,11.75,12.44,11.61,12.36,12.36,51586171
24/01/2022,11.95,11.95,11,11.89,11.89,67562857
21/01/2022,12.99,13,12.04,12.11,12.11,80724620
20/01/2022,13.6,13.63,12.99,13.04,13.04,20568377
19/01/2022,13.81,13.97,13.56,13.59,13.59,20293565
18/01/2022,13.98,13.98,13.67,13.75,13.75,29538848
17/01/2022,13.9,13.99,13.86,13.96,13.96,3741673
14/01/2022,13.69,13.97,13.57,13.92,13.92,39015835
13/01/2022,13.78,13.85,13.67,13.8,13.8,34079037
12/01/2022,13.35,13.79,13.3,13.75,13.75,19195554
11/01/2022,13.13,13.3,13.03,13.28,13.28,25972627
10/01/2022,13.29,13.35,12.92,13.06,13.06,21797270
07/01/2022,13.45,13.5,13.25,13.35,13.35,12445595
06/01/2022,13.75,13.77,13.43,13.46,13.46,18589018
05/01/2022,13.71,14.19,13.65,13.69,13.69,16883851
04/01/2022,13.84,13.9,13.67,13.7,13.7,14706553
03/01/2022,14.08,14.14,13.74,13.78,13.78,7684055
31/12/2021,14,14.08,13.92,13.99,13.99,7479084
30/12/2021,13.71,14.07,13.68,14.03,14.03,13710703
29/12/2021,13.98,13.99,13.67,13.71,13.71,8086723
28/12/2021,14.06,14.09,13.93,14.02,14.02,14535100
27/12/2021,13.94,14.1,13.8,14.04,14.04,11626475
24/12/2021,14,14.01,13.89,13.94,13.94,684002
23/12/2021,13.84,14.01,13.75,13.96,13.96,19666372
22/12/2021,13.85,14,13.73,13.82,13.82,17700758
21/12/2021,13.21,13.9,13.21,13.87,13.87,40658200
20/12/2021,13.43,13.43,13.04,13.14,13.14,28330320
17/12/2021,13.11,13.63,13.07,13.59,13.59,97911426
16/12/2021,13.18,13.4,13.11,13.19,13.19,39126168
15/12/2021,13.05,13.21,12.85,13.11,13.11,42695175
14/12/2021,12.64,13.15,12.55,13.08,13.08,86693267
13/12/2021,12.65,12.69,12.4,12.66,12.66,73467213
10/12/2021,12.71,12.71,12.56,12.66,12.66,18806800
09/12/2021,12.89,12.9,12.6,12.64,12.64,25520902
08/12/2021,12.98,13.08,12.85,12.93,12.93,18606308
07/12/2021,13.01,13.2,12.87,13,13,31781803
06/12/2021,12.9,13.08,12.81,12.88,12.88,15235522
03/12/2021,13.25,13.26,12.83,12.88,12.88,35725985
02/12/2021,13.3,13.48,13.11,13.29,13.29,23373888
01/12/2021,13.35,13.74,13.22,13.29,13.29,49085657
30/11/2021,13.59,13.6,13.15,13.3,13.3,94958354
29/11/2021,12.83,13.78,12.83,13.72,13.72,40603094
26/11/2021,12.9,13.02,12.42,12.71,12.71,34405646
25/11/2021,13.27,13.27,13.02,13.06,13.06,8249712
24/11/2021,13.38,13.55,13.15,13.28,13.28,36153441
23/11/2021,13.05,13.44,13.01,13.38,13.38,25816700
22/11/2021,12.99,13.04,12.89,12.99,12.99,22731038
19/11/2021,12.97,12.97,12.81,12.92,12.92,23267572
18/11/2021,13.19,13.22,12.75,13.01,13.01,33086028
17/11/2021,13.47,13.47,13.07,13.11,13.11,23686855
16/11/2021,13.57,13.62,13.3,13.44,13.44,43263632
12/11/2021,13.74,13.77,13.54,13.61,13.61,25522153
11/11/2021,13.55,13.73,13.41,13.7,13.7,23867296
10/11/2021,13.63,13.63,13.39,13.48,13.48,24357724
09/11/2021,14.21,14.21,13.57,13.63,13.63,32445551
08/11/2021,13.38,14.3,13.38,14.26,14.26,71848705
05/11/2021,12.74,13.11,12.68,12.94,12.94,39016767
04/11/2021,13.06,13.1,12.67,12.71,12.71,40666582
03/11/2021,13.31,13.31,12.94,13.05,13.05,41590359
01/11/2021,13.5,13.5,13.14,13.18,13.18,18420525
29/10/2021,13.42,13.65,13.18,13.24,13.24,25705601
28/10/2021,13.58,13.77,13.25,13.51,13.51,50746616
27/10/2021,13.86,13.95,13.67,13.86,13.86,24397861
26/10/2021,13.77,13.97,13.67,13.87,13.87,21739931
25/10/2021,13.67,13.94,13.64,13.79,13.79,40100957
22/10/2021,14.1,14.19,13.57,13.62,13.62,32342238
21/10/2021,14.44,14.53,14.02,14.09,14.09,31391855
20/10/2021,14.38,14.59,14.28,14.47,14.47,16277064
19/10/2021,14.75,14.75,14.34,14.38,14.38,27849531
18/10/2021,14.67,14.9,14.59,14.72,14.72,39750127
15/10/2021,14.67,14.85,14.61,14.72,14.72,47848047
14/10/2021,14.13,14.69,14.08,14.64,14.64,45620322
13/10/2021,14.31,14.4,13.9,14.07,14.07,50784145
12/10/2021,13.99,14.42,13.98,14.35,14.35,31188223
11/10/2021,13.61,14.04,13.56,13.94,13.94,23357564
08/10/2021,13.78,13.88,13.47,13.61,13.61,28660134
07/10/2021,13.95,14.2,13.73,13.78,13.78,48501532
06/10/2021,13.99,14.23,13.73,13.88,13.88,24119698
05/10/2021,14.53,14.53,14.03,14.08,14.08,40843486
04/10/2021,14.69,14.92,14.41,14.46,14.46,15347754
01/10/2021,14.89,14.89,14.43,14.67,14.67,38743777
30/09/2021,14.7,14.95,14.59,14.89,14.89,24581074
29/09/2021,14.94,15.03,14.63,14.66,14.66,42638733
28/09/2021,15.16,15.21,14.86,14.9,14.9,29760294
27/09/2021,14.81,15.27,14.72,15.18,15.18,22409326
24/09/2021,15.01,15.18,14.75,14.79,14.79,20559490
23/09/2021,14.65,15.24,14.65,15.11,15.11,46054697
22/09/2021,14.38,14.77,14.21,14.69,14.69,37939403
21/09/2021,14.3,14.43,14.07,14.36,14.36,35642677
20/09/2021,14.28,14.29,13.76,14.19,14.19,62327639
17/09/2021,15.18,15.18,14.54,14.6,14.6,94259750
15/09/2021,15.28,15.41,15.1,15.16,15.16,46789415
14/09/2021,15.27,15.37,15.05,15.26,15.26,24473878
13/09/2021,15.45,15.59,15.11,15.22,15.22,14673132
10/09/2021,15.35,15.57,15.3,15.35,15.35,14883839
09/09/2021,15.35,15.38,15.17,15.28,15.28,26971285
08/09/2021,15.75,15.75,15.25,15.43,15.43,35895716
07/09/2021,16.17,16.33,15.71,15.78,15.78,22788740
06/09/2021,16.11,16.24,16.02,16.17,16.17,3001347
03/09/2021,16.16,16.2,15.97,16.11,16.11,17180450
02/09/2021,16.19,16.33,16.06,16.16,16.16,20180079
01/09/2021,16.44,16.56,16.17,16.21,16.21,25320831
31/08/2021,16.47,16.62,16.3,16.5,16.5,78439516
30/08/2021,16.7,16.7,16.38,16.45,16.45,19538173
27/08/2021,16.47,16.79,16.47,16.71,16.71,26290014
26/08/2021,16.7,16.75,16.37,16.4,16.4,28311351
25/08/2021,16.49,16.72,16.37,16.71,16.71,24237467
24/08/2021,16.22,16.5,16.22,16.41,16.41,31387207
23/08/2021,15.85,16.38,15.85,16.21,16.21,20119615
20/08/2021,15.59,15.83,15.46,15.79,15.79,21616644
19/08/2021,15.74,15.74,15.37,15.54,15.54,35026097
18/08/2021,15.81,16.03,15.58,15.88,15.88,27344735
17/08/2021,15.95,16.15,15.73,15.81,15.81,29706533
16/08/2021,16.01,16.11,15.89,16,16,11730664
13/08/2021,16,16.25,15.84,16.1,16.1,15186284
12/08/2021,16.28,16.28,15.9,16.02,16.02,17094367
11/08/2021,16.15,16.3,16,16.27,16.27,18891974
10/08/2021,16.03,16.29,16.01,16.04,16.04,16449078
09/08/2021,16.02,16.1,15.77,15.99,15.99,22399488
06/08/2021,16.1,16.29,15.91,16.02,16.02,20805541
05/08/2021,16.4,16.4,16.02,16.08,16.08,25935674
04/08/2021,16.41,16.49,16.22,16.32,16.32,16395769
03/08/2021,16.1,16.56,16,16.5,16.5,17779708
02/08/2021,16.35,16.62,16.05,16.1,16.1,23960545
30/07/2021,16.91,16.91,16.15,16.24,16.24,54605490
29/07/2021,17,17.15,16.63,16.97,16.97,37308216
28/07/2021,16.15,16.84,16,16.76,16.76,30540389
27/07/2021,16.49,16.49,15.83,16.08,16.08,33995859
26/07/2021,16.31,16.51,16.21,16.47,16.47,13487284
23/07/2021,16.41,16.55,16.1,16.3,16.3,7643319
22/07/2021,16.53,16.71,16.2,16.32,16.32,13560940
21/07/2021,15.9,16.7,15.9,16.55,16.55,24706931
20/07/2021,15.48,16,15.4,15.88,15.88,31761930
19/07/2021,15.61,15.61,14.74,15.37,15.37,49033698
16/07/2021,15.98,16.09,15.48,15.71,15.71,27051260
15/07/2021,15.69,16.16,15.58,15.98,15.98,19828508
14/07/2021,16.02,16.22,15.62,15.66,15.66,34676876
13/07/2021,16.57,16.67,15.83,15.93,15.93,25451325
12/07/2021,16.66,16.66,16.44,16.58,16.58,7022532
09/07/2021,16.32,16.72,16.32,16.71,16.71,13829798
08/07/2021,16.39,16.49,16.1,16.28,16.28,17764894
07/07/2021,16.34,16.66,16.34,16.58,16.58,17083132
06/07/2021,16.54,16.59,16.01,16.34,16.34,23248027
05/07/2021,16.47,16.57,16.42,16.48,16.48,1772032
02/07/2021,16.69,16.69,16.41,16.47,16.47,16716570
01/07/2021,16.94,16.94,16.63,16.75,16.75,16916719
30/06/2021,16.69,16.96,16.65,16.82,16.82,25791989
29/06/2021,17,17.11,16.7,16.74,16.74,18562795
28/06/2021,17.3,17.45,16.87,17.02,17.02,12094268
25/06/2021,17.17,17.88,17.11,17.26,17.26,30916926
24/06/2021,16.5,17.29,16.31,17.18,17.18,53232191
23/06/2021,15.95,16.27,15.94,16.14,16.14,32896483
22/06/2021,15.95,16.03,15.81,15.94,15.94,19027876
21/06/2021,15.54,16.03,15.54,15.93,15.93,13582736
18/06/2021,15.57,15.81,15.38,15.54,15.54,93007738
17/06/2021,16.29,16.29,15.21,15.65,15.65,56952997
16/06/2021,16.15,16.26,15.35,16.21,16.21,25875279
15/06/2021,16.24,16.24,16.01,16.15,16.15,25225260
14/06/2021,16.6,16.6,16.05,16.1,16.1,14999164
11/06/2021,16.51,16.69,16.38,16.62,16.62,12222806
10/06/2021,16.74,16.85,16.39,16.42,16.42,16068874
09/06/2021,16.86,16.86,16.55,16.63,16.63,20457756
08/06/2021,16.85,16.97,16.5,16.88,16.88,19502965
07/06/2021,16.44,17.13,16.44,16.85,16.85,35778587
04/06/2021,16.62,16.65,16.25,16.37,16.37,17267588
03/06/2021,16.73,16.73,16.38,16.56,16.56,28929084
02/06/2021,17.65,17.73,16.67,16.73,16.73,35841016
01/06/2021,16.89,17.68,16.79,17.64,17.64,39533611
31/05/2021,16.42,17.1,16.35,16.81,16.81,9127146
28/05/2021,16.31,16.49,16.01,16.47,16.47,19895167
27/05/2021,16.07,16.46,16.07,16.21,16.21,118831062
26/05/2021,15.95,16.18,15.89,15.97,15.97,18121783
25/05/2021,16.65,16.65,15.85,15.9,15.9,18420020
24/05/2021,16.5,16.75,16.5,16.59,16.59,11219987
21/05/2021,16.72,16.89,16.26,16.54,16.54,15643368
20/05/2021,16.33,16.68,16.18,16.63,16.63,48464863
19/05/2021,16.51,16.57,15.75,16.27,16.27,30699024
18/05/2021,16.9,16.92,16.56,16.61,16.61,17075318
17/05/2021,16.59,16.89,16.41,16.87,16.87,12364603
14/05/2021,16.24,16.65,16.21,16.62,16.62,16213355
13/05/2021,15.99,16.46,15.96,16.14,16.14,22863341
12/05/2021,17.12,17.15,15.9,15.93,15.93,26387917
11/05/2021,16.75,17.12,16.51,17.1,17.1,24039544
10/05/2021,17.15,17.48,16.81,16.88,16.88,17656105
07/05/2021,17.3,17.3,16.91,17.13,17.13,15727214
06/05/2021,16.99,17.3,16.82,17.24,17.24,43581922
05/05/2021,16.59,17.32,16.59,16.86,16.86,22684103
04/05/2021,16.43,16.64,16.31,16.6,16.6,29798637
03/05/2021,16.24,16.49,16.09,16.42,16.42,22399898
30/04/2021,16.15,16.2,15.7,16.09,16.09,66276598
29/04/2021,15.64,16.54,15.63,16.14,16.14,36205296
28/04/2021,15.38,15.58,15.21,15.25,15.25,15759938
27/04/2021,15.27,15.9,15.27,15.4,15.4,28890098
26/04/2021,15.1,15.55,15.1,15.2,15.2,16832190
23/04/2021,14.72,15.15,14.62,15.07,15.07,17585316
22/04/2021,14.88,14.95,14.6,14.7,14.7,18613644
21/04/2021,14.72,14.94,14.51,14.85,14.85,18094071
20/04/2021,14.6,14.81,14.28,14.71,14.71,28208908
19/04/2021,15.03,15.04,14.53,14.56,14.56,17311826
16/04/2021,14.94,15.2,14.93,15.04,15.04,20406234
15/04/2021,14.64,15.13,14.5,14.97,14.97,33410075
14/04/2021,14.03,14.74,14.02,14.69,14.69,36326961
13/04/2021,14.2,14.2,13.76,13.96,13.96,43341364
12/04/2021,14.39,14.43,14.1,14.2,14.2,17975728
09/04/2021,14.38,14.5,14.25,14.42,14.42,15825469
08/04/2021,14.5,14.57,14.25,14.38,14.38,22010990
07/04/2021,14.11,14.65,14.11,14.44,14.44,24105311
06/04/2021,14.6,14.6,14.12,14.17,14.17,18136548
05/04/2021,14.5,14.75,14.14,14.66,14.66,30808111
31/03/2021,14.83,15.09,14.19,14.42,14.42,57523494
30/03/2021,13.92,14.97,13.92,14.9,14.9,42407806
29/03/2021,13.86,14.05,13.61,13.93,13.93,22103714
26/03/2021,13.63,13.9,13.43,13.83,13.83,24452795
25/03/2021,13.39,13.62,12.85,13.57,13.57,33025242
24/03/2021,13.35,13.66,13.3,13.44,13.44,24444015
23/03/2021,13.84,13.86,13.22,13.26,13.26,20796603
22/03/2021,13.89,14.04,13.7,13.82,13.82,17568053
19/03/2021,14.18,14.2,13.81,13.89,13.89,87166717
18/03/2021,14.6,14.61,14.14,14.18,14.18,24713028
17/03/2021,14.68,14.81,14.44,14.56,14.56,18080538
16/03/2021,15.01,15.01,14.24,14.68,14.68,45319184
12/03/2021,15.28,15.75,14.91,15.1,15.1,34982940
11/03/2021,14.65,15.34,14.65,15.2,15.2,34890111
10/03/2021,14.95,14.97,14.43,14.61,14.61,28287164
09/03/2021,15.01,15.09,14.71,14.91,14.91,44910036
08/03/2021,14.69,15.1,14.54,14.91,14.91,41899180
05/03/2021,14.46,14.66,13.68,14.63,14.63,43809921
04/03/2021,15.16,15.38,14.06,14.34,14.34,41749665
03/03/2021,14.53,15.39,14.48,15.18,15.18,62519631
02/03/2021,14.09,14.55,14.09,14.37,14.37,37887827
01/03/2021,13.88,14.27,13.85,14.07,14.07,20993593
26/02/2021,13.62,14.11,13.38,13.94,13.94,102524583
25/02/2021,14.05,14.42,13.56,13.66,13.66,48114679
24/02/2021,13.3,14.13,13.18,14.01,14.01,49482713
23/02/2021,13.01,13.35,12.62,13.29,13.29,33072786
22/02/2021,12.98,13.19,12.85,13.09,13.09,32168712
19/02/2021,12.48,12.98,12.48,12.93,12.93,15527113
18/02/2021,12.92,12.92,12.37,12.41,12.41,34987091
17/02/2021,13.11,13.19,12.73,12.93,12.93,34137829
16/02/2021,13.25,13.62,13.01,13.1,13.1,39817070
15/02/2021,13.32,13.32,13.07,13.1,13.1,2375470
12/02/2021,13.22,13.34,13.01,13.27,13.27,22914376
11/02/2021,12.99,13.51,12.82,13.27,13.27,40578155
10/02/2021,12.87,12.91,12.58,12.74,12.74,13831884
09/02/2021,12.87,12.98,12.77,12.8,12.8,11495137
08/02/2021,12.95,13.13,12.75,12.87,12.87,25066321
05/02/2021,13.02,13.02,12.75,12.91,12.91,13371961
04/02/2021,12.95,13.1,12.81,13.01,13.01,42923904
03/02/2021,12.63,12.95,12.46,12.89,12.89,40314778
02/02/2021,11.8,12.73,11.8,12.52,12.52,49566774
29/01/2021,12.17,12.17,11.71,11.76,11.76,85147884
28/01/2021,11.94,12.27,11.74,12.17,12.17,35852925
27/01/2021,12.27,12.31,11.79,11.84,11.84,60665407
26/01/2021,12.4,12.46,12.25,12.38,12.38,52944955
25/01/2021,12.44,12.47,12.02,12.43,12.43,34366488
22/01/2021,12.63,12.73,12.21,12.34,12.34,36911501
21/01/2021,13.1,13.1,12.62,12.71,12.71,43872076
20/01/2021,13.1,13.1,12.91,13.04,13.04,41082757
19/01/2021,12.7,13.19,12.59,13.07,13.07,39895301
18/01/2021,12.66,12.75,12.44,12.67,12.67,7762474
15/01/2021,12.13,12.72,12.08,12.66,12.66,31273341
14/01/2021,11.47,12.25,11.46,12.17,12.17,34735178
13/01/2021,11.6,11.64,11.38,11.41,11.41,38572066
12/01/2021,11.42,11.79,11.33,11.54,11.54,27165171
11/01/2021,11.54,11.55,11.28,11.36,11.36,31694045
08/01/2021,11.72,11.73,11.52,11.57,11.57,147556502
07/01/2021,11.61,11.71,11.51,11.65,11.65,45782226
06/01/2021,10.71,11.76,10.71,11.55,11.55,70905988
05/01/2021,10.38,10.68,10.3,10.66,10.66,22914468
04/01/2021,10.32,10.52,10.27,10.39,10.39,15212314
31/12/2020,10.39,10.39,10.24,10.27,10.27,4198652
30/12/2020,10.32,10.48,10.29,10.37,10.37,12219854
29/12/2020,10.35,10.45,10.21,10.26,10.26,18335349
28/12/2020,10.31,10.42,10.2,10.32,10.32,10629595
24/12/2020,10.36,10.36,10.12,10.25,10.25,21010760
23/12/2020,10.2,10.44,10.15,10.37,10.37,20368891
22/12/2020,10.28,10.35,10.02,10.15,10.15,18976871
21/12/2020,10.21,10.36,10.15,10.23,10.23,15080626
18/12/2020,10.75,10.78,10.2,10.3,10.3,109242902
17/12/2020,10.55,10.78,10.52,10.72,10.72,40675923
16/12/2020,10.58,10.63,10.49,10.52,10.52,21320134
15/12/2020,10.56,10.7,10.51,10.52,10.52,16700774
14/12/2020,10.82,10.83,10.55,10.58,10.58,14494191
11/12/2020,11.01,11.01,10.45,10.76,10.76,33235136
10/12/2020,10.58,11.03,10.41,10.99,10.99,40984890
09/12/2020,10.96,11,10.49,10.59,10.59,33191121
08/12/2020,11.15,11.15,10.83,10.96,10.96,42448549
07/12/2020,10.99,11.18,10.8,11.16,11.16,26286963
04/12/2020,10.65,11.26,10.65,10.99,10.99,44473501
03/12/2020,9.93,10.64,9.9,10.58,10.58,32634783
02/12/2020,10,10,9.75,9.97,9.97,19560137
01/12/2020,9.33,10.49,9.33,10.02,10.02,49184863
30/11/2020,9.31,9.47,9.12,9.2,9.2,232469173
27/11/2020,9.35,9.49,9.25,9.31,9.31,12522975
26/11/2020,9.49,9.49,9.25,9.29,9.29,16936436
25/11/2020,9.71,9.71,9.38,9.42,9.42,23498551
24/11/2020,9.33,9.82,9.32,9.79,9.79,45815600
23/11/2020,9.29,9.38,9.23,9.28,9.28,21252017
20/11/2020,9.46,9.46,9.16,9.23,9.23,20262765
19/11/2020,9.76,9.77,9.4,9.45,9.45,30239097
18/11/2020,9.41,9.83,9.36,9.74,9.74,43996579
17/11/2020,9.1,9.39,9.07,9.32,9.32,33451298
13/11/2020,9.11,9.15,8.94,9.07,9.07,14468646
12/11/2020,9.16,9.4,8.98,9.04,9.04,15084563
11/11/2020,9.25,9.4,9.09,9.2,9.2,26579458
10/11/2020,8.72,9.3,8.72,9.21,9.21,39350077
09/11/2020,8.5,8.75,8.49,8.71,8.71,30058054
06/11/2020,8.6,8.68,8.19,8.34,8.34,20636052
05/11/2020,8.51,8.62,8.43,8.59,8.59,23150643
04/11/2020,9,9,8.41,8.44,8.44,22244268
03/11/2020,8.77,9.08,8.77,9,9,26651536
30/10/2020,8.35,8.84,8.35,8.76,8.76,65809676
29/10/2020,8.35,8.54,8.21,8.44,8.44,16682848
28/10/2020,8.26,8.48,8.04,8.37,8.37,28373270
27/10/2020,8.49,8.51,8.2,8.27,8.27,17990175
26/10/2020,8.67,8.69,8.45,8.48,8.48,13827841
23/10/2020,8.8,8.81,8.64,8.66,8.66,21091301
22/10/2020,8.9,8.93,8.74,8.84,8.84,24925345
21/10/2020,8.84,9.02,8.78,8.89,8.89,29951911
20/10/2020,8.57,8.97,8.56,8.82,8.82,18068306
19/10/2020,8.71,8.74,8.51,8.69,8.69,11169987
16/10/2020,8.73,8.88,8.63,8.69,8.69,17348259
15/10/2020,8.35,8.8,8.35,8.77,8.77,22831084
14/10/2020,8.27,8.5,8.22,8.47,8.47,23367491
13/10/2020,8.36,8.4,8.25,8.26,8.26,13869846
12/10/2020,8.58,8.61,8.36,8.38,8.38,21880326
09/10/2020,8.72,8.72,8.52,8.71,8.71,7950476
08/10/2020,8.41,8.73,8.39,8.71,8.71,25607984
07/10/2020,8.4,8.52,8.31,8.39,8.39,24356650
06/10/2020,8.48,8.55,8.3,8.34,8.34,19246627
05/10/2020,8.22,8.48,8.13,8.44,8.44,32066174
02/10/2020,8.09,8.22,7.9,8.18,8.18,14379937
01/10/2020,8.41,8.45,8.06,8.15,8.15,16968539
30/09/2020,8.11,8.46,8.08,8.38,8.38,28841810
29/09/2020,8.3,8.31,8.11,8.14,8.14,16499849
28/09/2020,8.05,8.38,8.02,8.3,8.3,17120523
25/09/2020,7.88,8.03,7.8,7.99,7.99,20736911
24/09/2020,7.94,8.02,7.84,7.88,7.88,18363327
23/09/2020,8.01,8.13,7.89,7.98,7.98,18073555
22/09/2020,7.83,8.02,7.82,7.99,7.99,24426568
21/09/2020,8.12,8.12,7.78,7.82,7.82,16319539
18/09/2020,8.12,8.27,8.02,8.15,8.15,78540311
17/09/2020,8.48,8.48,8.11,8.14,8.14,27897304
15/09/2020,8.3,8.75,8.3,8.43,8.43,30682390
14/09/2020,8.15,8.34,8.04,8.3,8.3,23468891
11/09/2020,7.52,8.24,7.52,8.04,8.04,65273071
10/09/2020,6.9,7.6,6.85,7.52,7.52,40165812
09/09/2020,6.82,6.98,6.76,6.92,6.92,21542078
08/09/2020,6.93,6.93,6.71,6.81,6.81,19289018
07/09/2020,6.9,6.95,6.83,6.93,6.93,1216823
04/09/2020,6.84,6.94,6.71,6.87,6.87,19952769
03/09/2020,7.13,7.13,6.76,6.86,6.86,32088592
02/09/2020,7.24,7.24,7.01,7.09,7.09,18047274
01/09/2020,7.03,7.23,7,7.2,7.2,28744741
31/08/2020,7.4,7.4,7.01,7.02,7.02,66990533
28/08/2020,7.56,7.63,7.33,7.38,7.38,13153920
27/08/2020,7.64,7.68,7.47,7.56,7.56,19266803
26/08/2020,7.73,7.73,7.61,7.66,7.66,33248522
25/08/2020,7.7,7.76,7.55,7.72,7.72,28082494
24/08/2020,7.6,7.71,7.54,7.66,7.66,24718534
21/08/2020,7.66,7.66,7.51,7.57,7.57,25972889
20/08/2020,7.48,7.74,7.44,7.67,7.67,18747736
19/08/2020,7.65,7.65,7.44,7.48,7.48,17485067
18/08/2020,7.8,7.8,7.5,7.62,7.62,39123288
17/08/2020,7.53,7.85,7.48,7.81,7.81,22522246
14/08/2020,7.37,7.54,7.36,7.5,7.5,21688224
13/08/2020,7.4,7.49,7.38,7.4,7.4,13061410
12/08/2020,7.58,7.58,7.34,7.39,7.39,11684810
11/08/2020,7.57,7.62,7.44,7.51,7.51,17026926
10/08/2020,7.35,7.57,7.35,7.47,7.47,12814728
07/08/2020,7.33,7.38,7.21,7.32,7.32,12902289
06/08/2020,7.31,7.41,7.21,7.3,7.3,22129541
05/08/2020,7.17,7.36,7.16,7.28,7.28,20028154
04/08/2020,7.1,7.24,7.04,7.15,7.15,21276595
03/08/2020,6.93,7.11,6.85,7.03,7.03,23473596
31/07/2020,6.81,6.85,6.6,6.82,6.82,70846600
30/07/2020,6.83,6.86,6.71,6.77,6.77,10946435
29/07/2020,6.8,6.93,6.68,6.89,6.89,33690080
28/07/2020,6.8,6.95,6.69,6.78,6.78,28154759
27/07/2020,6.51,6.88,6.39,6.8,6.8,56731204
24/07/2020,6.3,6.3,6.14,6.24,6.24,14221252
23/07/2020,6.35,6.35,6.17,6.28,6.28,10262829
22/07/2020,6.26,6.36,6.25,6.29,6.29,15014407
21/07/2020,6.31,6.39,6.22,6.27,6.27,34514590
20/07/2020,6.34,6.43,6.29,6.3,6.3,18716276
17/07/2020,6.45,6.49,6.34,6.37,6.37,20125797
16/07/2020,6.35,6.48,6.3,6.44,6.44,34771228
15/07/2020,6.21,6.49,6.21,6.36,6.36,44193747
14/07/2020,6.22,6.23,6.03,6.13,6.13,21141740
13/07/2020,6,6.24,5.94,6.19,6.19,30800404
10/07/2020,6,6.06,5.85,5.96,5.96,22762539
09/07/2020,6.28,6.29,5.97,5.99,5.99,29361781
08/07/2020,6.43,6.43,6.2,6.29,6.29,37431090
07/07/2020,6.42,6.44,6.33,6.37,6.37,19185228
06/07/2020,6.46,6.48,6.33,6.43,6.43,34743043
03/07/2020,6.41,6.44,6.37,6.43,6.43,3237257
02/07/2020,6.33,6.45,6.3,6.38,6.38,31814798
01/07/2020,6.47,6.59,6.1,6.24,6.24,50328788
30/06/2020,6.44,6.5,6.34,6.48,6.48,36020140
29/06/2020,6.36,6.49,6.26,6.45,6.45,19100948
26/06/2020,6.37,6.4,6.25,6.28,6.28,25780305
25/06/2020,6.24,6.43,6.11,6.37,6.37,26332976
24/06/2020,6.3,6.39,6.18,6.26,6.26,30212219
23/06/2020,6.57,6.58,6.35,6.37,6.37,33860083
22/06/2020,6.37,6.5,6.25,6.47,6.47,26682783
19/06/2020,6.66,6.83,6.18,6.35,6.35,263082460
18/06/2020,6.25,6.65,6.13,6.6,6.6,52150645
17/06/2020,6.27,6.35,6.12,6.26,6.26,21151618
16/06/2020,6.16,6.7,6.15,6.24,6.24,63639803
15/06/2020,6.13,6.16,5.91,5.93,5.93,30081315
12/06/2020,6.03,6.26,6.02,6.19,6.19,41524823
11/06/2020,5.87,5.89,5.39,5.85,5.85,44079014
10/06/2020,6.38,6.38,5.94,5.98,5.98,40473699
09/06/2020,6.6,6.7,6.27,6.4,6.4,34535921
08/06/2020,6.54,6.73,6.43,6.68,6.68,34487470
05/06/2020,6.39,6.62,6.25,6.46,6.46,30582438
04/06/2020,6.31,6.38,6.08,6.18,6.18,39010091
03/06/2020,5.85,6.33,5.85,6.3,6.3,66540537
02/06/2020,5.39,5.87,5.36,5.82,5.82,53006235
01/06/2020,5.24,5.36,5.16,5.33,5.33,16053682
29/05/2020,5.29,5.29,5.15,5.25,5.25,90088531
28/05/2020,5.35,5.4,5.11,5.29,5.29,28968810
27/05/2020,4.99,5.33,4.96,5.3,5.3,44487428
26/05/2020,4.83,5,4.77,4.94,4.94,39772253
25/05/2020,4.78,4.82,4.73,4.77,4.77,4422511
22/05/2020,4.87,4.89,4.72,4.77,4.77,14049102
21/05/2020,4.8,4.95,4.74,4.87,4.87,24235825
20/05/2020,4.71,4.87,4.63,4.83,4.83,77716164
19/05/2020,4.69,4.79,4.61,4.65,4.65,73496102
18/05/2020,4.72,4.81,4.63,4.72,4.72,61586317
15/05/2020,4.55,4.67,4.45,4.62,4.62,32358272
14/05/2020,4.57,4.7,4.43,4.57,4.57,38180508
13/05/2020,5.08,5.08,4.59,4.64,4.64,122250545
12/05/2020,5.11,5.22,5.02,5.05,5.05,30715944
11/05/2020,5.13,5.19,5.06,5.13,5.13,28422600
08/05/2020,5.1,5.19,5.08,5.12,5.12,26691240
07/05/2020,5.09,5.15,5.02,5.08,5.08,22971369
06/05/2020,5.2,5.24,4.98,5.02,5.02,31037731
05/05/2020,5.11,5.35,5.06,5.18,5.18,39567326
04/05/2020,4.95,5.17,4.76,5.13,5.13,40165080
30/04/2020,5.26,5.3,4.93,5.07,5.07,52412141
29/04/2020,5.12,5.33,5.06,5.22,5.22,29390336
28/04/2020,4.72,5.46,4.72,5.05,5.05,77300316
27/04/2020,4.69,4.72,4.5,4.68,4.68,50661913
24/04/2020,4.74,4.8,4.54,4.63,4.63,34467334
23/04/2020,4.72,4.82,4.61,4.67,4.67,29763353
22/04/2020,4.78,5.04,4.63,4.69,4.69,40770559
21/04/2020,4.94,4.98,4.65,4.68,4.68,18206189
20/04/2020,4.99,5.11,4.91,4.97,4.97,19987111
17/04/2020,4.84,5.13,4.72,5.05,5.05,31103327
16/04/2020,4.88,4.98,4.63,4.72,4.72,29420969
15/04/2020,4.78,4.91,4.62,4.84,4.84,35717194
14/04/2020,5.14,5.19,4.8,4.85,4.85,23405325
13/04/2020,5.14,5.69,5.03,5.09,5.09,32059082
08/04/2020,4.99,5.06,4.79,5.01,5.01,38011190
07/04/2020,4.75,5.19,4.75,4.93,4.93,56829374
06/04/2020,4.38,4.7,4.38,4.61,4.61,46781973
03/04/2020,4.5,4.6,4.05,4.21,4.21,35534329
02/04/2020,4.64,4.7,4.37,4.46,4.46,29096298
01/04/2020,4.81,5.04,4.56,4.59,4.59,26811437
31/03/2020,4.3,5.01,4.24,4.93,4.93,91503042
30/03/2020,4.36,4.45,4.26,4.34,4.34,34040203
27/03/2020,4.45,4.52,4.26,4.29,4.29,57834207
26/03/2020,4.24,4.7,4.24,4.61,4.61,48385679
25/03/2020,4.52,4.74,4.2,4.29,4.29,47258232
24/03/2020,4.44,4.66,4.29,4.47,4.47,49566083
23/03/2020,4.46,4.5,3.98,4.24,4.24,55573584
20/03/2020,4.69,4.75,4.22,4.32,4.32,134387799
19/03/2020,4.8,5,4.51,4.57,4.57,41898273
18/03/2020,4.86,5.27,4.62,4.74,4.74,103501839
17/03/2020,5,5.51,4.19,5.07,5.07,194246754
13/03/2020,5.45,5.53,5.21,5.37,5.37,70977879
12/03/2020,5.5,5.5,5.01,5.23,5.23,116719962
11/03/2020,5.65,5.75,5.54,5.65,5.65,67707983
10/03/2020,5.6,5.75,5.45,5.67,5.67,92615973
09/03/2020,5.67,5.67,5.3,5.39,5.39,41605374
06/03/2020,6.2,6.2,5.82,5.88,5.88,35996015
05/03/2020,6.66,6.66,6.18,6.26,6.26,36511872
04/03/2020,6.7,6.75,6.51,6.73,6.73,28788289
03/03/2020,6.44,6.87,6.38,6.59,6.59,58504522
02/03/2020,6.34,6.64,6.32,6.41,6.41,50092692
28/02/2020,6.09,6.46,5.91,6.34,6.34,71096542
27/02/2020,6.35,6.55,6.08,6.17,6.17,53091895
26/02/2020,6.94,6.99,6.39,6.44,6.44,58302300
25/02/2020,7.09,7.09,6.87,6.9,6.9,33749575
24/02/2020,6.91,7.21,6.9,7.05,7.05,37678936
21/02/2020,6.98,7.15,6.98,7.1,7.1,30118195
20/02/2020,6.99,7.11,6.93,7,7,30966016
19/02/2020,7.05,7.07,6.82,6.95,6.95,29320250
18/02/2020,7.15,7.23,6.97,7,7,24330510
17/02/2020,7.19,7.26,7.12,7.16,7.16,6902303
14/02/2020,7.31,7.4,7.1,7.15,7.15,26719183
13/02/2020,7.62,7.66,7.2,7.28,7.28,37655557
12/02/2020,7.77,7.8,7.53,7.65,7.65,72715835
11/02/2020,7.78,8.05,7.68,8.05,8.05,36162208
10/02/2020,7.8,7.8,7.68,7.74,7.74,24105360
07/02/2020,7.72,7.85,7.68,7.79,7.79,18541799
06/02/2020,7.75,7.84,7.67,7.75,7.75,20392529
05/02/2020,7.98,8,7.73,7.75,7.75,30024917
04/02/2020,7.73,7.99,7.73,7.95,7.95,51832333
31/01/2020,7.82,7.85,7.57,7.59,7.59,54373655
30/01/2020,7.94,7.94,7.72,7.85,7.85,24556446
29/01/2020,8.1,8.1,7.83,7.95,7.95,47170271
28/01/2020,7.81,8.12,7.77,8.05,8.05,33992913
27/01/2020,7.76,7.86,7.61,7.78,7.78,30384483
24/01/2020,7.89,7.96,7.82,7.87,7.87,35603115
23/01/2020,7.85,7.89,7.64,7.88,7.88,30809445
22/01/2020,7.7,8.03,7.7,7.89,7.89,41688849
21/01/2020,7.62,7.82,7.59,7.71,7.71,29110593
20/01/2020,7.81,7.81,7.67,7.7,7.7,3889338
17/01/2020,7.31,7.88,7.31,7.82,7.82,61250926
16/01/2020,6.99,7.34,6.92,7.29,7.29,70772865
15/01/2020,7.1,7.15,6.93,6.95,6.95,28793608
14/01/2020,7.14,7.17,7.09,7.12,7.12,32713060
13/01/2020,7.19,7.21,7.11,7.15,7.15,34967485
10/01/2020,7.1,7.22,7.08,7.18,7.18,25999276
09/01/2020,7.21,7.26,7.06,7.1,7.1,28596163
08/01/2020,7.1,7.22,7.05,7.2,7.2,29105133
07/01/2020,7.16,7.2,7.01,7.07,7.07,26746909
06/01/2020,7.15,7.22,7.07,7.2,7.2,13614055
03/01/2020,7.13,7.23,7.13,7.19,7.19,19123326
02/01/2020,7.17,7.28,7.12,7.16,7.16,38630092
31/12/2019,7.16,7.16,7.16,7.16,7.16,-
30/12/2019,7.27,7.28,7.04,7.16,7.16,18710566
27/12/2019,7.33,7.36,7.19,7.23,7.23,16023989
26/12/2019,7.21,7.35,7.2,7.33,7.33,8338984
24/12/2019,7.22,7.28,7.2,7.23,7.23,1606196
23/12/2019,7.23,7.3,7.2,7.25,7.25,27199899
20/12/2019,7.33,7.36,7.2,7.23,7.23,128298971
19/12/2019,7.38,7.45,7.28,7.31,7.31,30705820
18/12/2019,7.13,7.37,7.08,7.35,7.35,101076970
17/12/2019,7.2,7.2,7.06,7.13,7.13,29476626
16/12/2019,7.19,7.23,7.15,7.17,7.17,16823463
13/12/2019,6.99,7.18,6.99,7.14,7.14,28403661
13/12/2019,0.094551 Dividendo,,,,,
11/12/2019,6.9,7.07,6.88,7.01,6.92,19272597
10/12/2019,6.9,6.93,6.8,6.86,6.77,27402549
09/12/2019,6.78,6.89,6.74,6.86,6.77,18717423
06/12/2019,6.97,6.98,6.75,6.76,6.67,22394725
05/12/2019,6.86,7.06,6.83,6.95,6.86,22917738
04/12/2019,6.92,6.95,6.8,6.84,6.75,40489039
03/12/2019,7.02,7.05,6.87,6.89,6.8,23626680
02/12/2019,7.14,7.31,7.01,7.07,6.97,24338749
29/11/2019,7.32,7.37,7.13,7.15,7.05,16719630
28/11/2019,7.32,7.34,7.22,7.32,7.22,3528211
27/11/2019,7.2,7.36,7.18,7.34,7.24,24409758
26/11/2019,7.2,7.33,7.19,7.21,7.11,132531648
25/11/2019,7.07,7.2,7.07,7.18,7.08,34966747
22/11/2019,7.01,7.09,6.97,7.06,6.96,16012602
21/11/2019,7.05,7.09,6.97,6.98,6.89,27891066
20/11/2019,7.11,7.19,7.01,7.02,6.93,29558251
19/11/2019,7.09,7.17,6.98,7.11,7.01,46888430
15/11/2019,7.1,7.11,7.03,7.08,6.98,11268938
14/11/2019,7.06,7.15,7.03,7.08,6.98,13667048
13/11/2019,6.98,7.1,6.92,7.06,6.96,17824871
12/11/2019,7.17,7.23,6.97,6.99,6.9,22968975
11/11/2019,7.25,7.28,7.17,7.19,7.09,15913733
08/11/2019,7.4,7.4,7.26,7.29,7.19,12298759
07/11/2019,7.46,7.5,7.39,7.42,7.32,21261029
06/11/2019,7.42,7.43,7.23,7.4,7.3,17296027
05/11/2019,7.45,7.5,7.36,7.4,7.3,29127007
04/11/2019,7.38,7.53,7.36,7.42,7.32,34210552
01/11/2019,7.29,7.38,7.23,7.32,7.22,35211075
31/10/2019,7.34,7.34,7.21,7.23,7.13,43610918
30/10/2019,7.72,7.72,7.31,7.33,7.23,49243728
29/10/2019,7.75,7.81,7.63,7.66,7.56,26770525
28/10/2019,7.52,7.8,7.52,7.79,7.68,32900070
25/10/2019,7.39,7.59,7.39,7.52,7.42,42332980
24/10/2019,7.85,7.85,7.33,7.41,7.31,55932674
23/10/2019,7.82,7.96,7.8,7.94,7.83,30325543
22/10/2019,7.72,7.89,7.68,7.87,7.76,30212003
21/10/2019,7.75,7.84,7.72,7.74,7.64,21867921
18/10/2019,7.72,7.9,7.62,7.72,7.62,37181278
17/10/2019,7.9,7.98,7.8,7.81,7.7,23104148
16/10/2019,7.83,7.96,7.81,7.86,7.75,25292556
15/10/2019,7.88,8.07,7.81,7.84,7.73,34305964
14/10/2019,7.74,7.88,7.66,7.85,7.74,22727679
11/10/2019,7.63,7.84,7.61,7.79,7.68,33379333
10/10/2019,7.48,7.7,7.42,7.56,7.46,39673262
09/10/2019,7.4,7.5,7.32,7.47,7.37,27887202
08/10/2019,7.16,7.46,7.15,7.35,7.25,22328056
07/10/2019,7.29,7.35,7.19,7.21,7.11,16434638
04/10/2019,7.17,7.32,7.11,7.3,7.2,32060029
03/10/2019,7.24,7.3,7.15,7.18,7.08,29573530
02/10/2019,7.45,7.48,7.12,7.26,7.16,31052002
01/10/2019,7.71,7.76,7.47,7.5,7.4,22107542
30/09/2019,7.79,7.88,7.66,7.69,7.59,45163246
27/09/2019,7.82,7.92,7.75,7.78,7.68,20364031
26/09/2019,7.8,7.8,7.7,7.77,7.67,23819002
25/09/2019,7.8,7.85,7.52,7.78,7.68,29864412
24/09/2019,7.85,7.86,7.76,7.79,7.68,16686454
23/09/2019,7.97,7.98,7.77,7.84,7.73,18713335
20/09/2019,7.79,8.02,7.74,7.98,7.87,171300469
19/09/2019,7.76,7.89,7.65,7.76,7.66,21108257
18/09/2019,7.83,7.84,7.58,7.74,7.64,31201196
17/09/2019,7.6,7.85,7.51,7.84,7.73,48385671
13/09/2019,7.52,7.66,7.48,7.62,7.52,13600441
12/09/2019,7.52,7.7,7.45,7.48,7.38,53262743
11/09/2019,7.86,7.86,7.43,7.57,7.47,43272489
10/09/2019,7.7,7.89,7.56,7.84,7.73,54623668
09/09/2019,7.54,7.77,7.45,7.7,7.6,30660187
06/09/2019,7.67,7.67,7.4,7.47,7.37,28117905
05/09/2019,7.5,7.67,7.46,7.65,7.55,42760661
04/09/2019,7.15,7.4,7.15,7.39,7.29,49492325
03/09/2019,7.39,7.49,7.05,7.08,6.98,49081869
02/09/2019,7.49,7.5,7.28,7.37,7.27,9461876
30/08/2019,7.21,7.69,7.19,7.47,7.37,71084088
29/08/2019,6.59,7.29,6.59,7.16,7.06,74478256
28/08/2019,6.4,6.6,6.38,6.51,6.42,43217713
27/08/2019,6.23,6.43,6.2,6.41,6.32,154187793
26/08/2019,6.16,6.28,6.16,6.21,6.13,28921504
23/08/2019,6.1,6.32,6.03,6.18,6.1,36943660
22/08/2019,6.1,6.18,6.04,6.16,6.08,41557048
21/08/2019,6.05,6.1,5.99,6.06,5.98,104987447
20/08/2019,5.9,6.08,5.89,5.98,5.9,87116595
19/08/2019,5.85,5.98,5.85,5.9,5.82,102257429
16/08/2019,5.62,5.84,5.62,5.81,5.73,68615929
15/08/2019,5.81,5.81,5.53,5.62,5.54,42763002
14/08/2019,5.78,5.9,5.69,5.82,5.74,86840280
13/08/2019,5.86,6.02,5.82,5.84,5.76,37955838
12/08/2019,6,6.06,5.86,5.87,5.79,53346663
09/08/2019,6.14,6.14,6.03,6.08,6,23915350
08/08/2019,6.13,6.19,6.03,6.14,6.06,36072888
07/08/2019,6,6.12,5.79,6.1,6.02,39072386
06/08/2019,6.16,6.33,5.96,6.04,5.96,44443983
05/08/2019,6.2,6.2,5.88,6.08,6,74504768
02/08/2019,6.47,6.51,6.16,6.26,6.18,47397216
01/08/2019,6.8,6.89,6.43,6.48,6.39,45397952
31/07/2019,6.91,6.92,6.68,6.81,6.72,50574701
30/07/2019,6.91,6.95,6.82,6.92,6.83,22775590
29/07/2019,6.86,6.95,6.82,6.89,6.8,28490655
26/07/2019,6.94,6.98,6.82,6.87,6.78,27048616
25/07/2019,7,7,6.83,6.95,6.86,32333887
24/07/2019,7.09,7.12,7,7.1,7,29624826
23/07/2019,7.05,7.15,7,7.05,6.95,37937376
22/07/2019,7.15,7.2,7,7.04,6.95,19441224
19/07/2019,7.11,7.15,7,7.09,6.99,30408409
18/07/2019,7.41,7.44,7.01,7.06,6.96,41990005
17/07/2019,7.62,7.63,7.39,7.42,7.32,29860827
16/07/2019,7.68,7.72,7.55,7.6,7.5,14343846
15/07/2019,7.72,7.74,7.58,7.67,7.57,11048668
12/07/2019,7.73,7.78,7.62,7.67,7.57,20604213
11/07/2019,7.64,7.75,7.57,7.73,7.63,32726986
10/07/2019,7.72,7.77,7.55,7.57,7.47,40447154
09/07/2019,8.04,8.09,7.64,7.67,7.57,36379259
08/07/2019,8.14,8.15,8.03,8.06,7.95,13526695
05/07/2019,7.98,8.14,7.98,8.11,8,9517158
04/07/2019,8.01,8.04,7.97,8.01,7.9,1857051
03/07/2019,8.15,8.19,7.98,8,7.89,16731586
02/07/2019,8.16,8.23,8.07,8.12,8.01,13413105
01/07/2019,8.14,8.19,8,8.15,8.04,14569726
28/06/2019,8.06,8.12,7.93,8.09,7.98,24018593
27/06/2019,8.01,8.14,7.95,8.02,7.91,28779737
26/06/2019,7.97,8.04,7.86,8,7.89,32353202
25/06/2019,7.99,8,7.85,7.95,7.84,44349816
24/06/2019,8,8.04,7.93,8,7.89,20734948
21/06/2019,7.8,8,7.75,7.96,7.85,96764834
20/06/2019,7.99,8.05,7.81,7.83,7.72,33511459
19/06/2019,7.93,7.98,7.85,7.92,7.81,19600431
18/06/2019,7.9,8.02,7.9,7.94,7.83,21555225
17/06/2019,7.94,7.96,7.8,7.86,7.75,30557785
14/06/2019,8,8.01,7.81,7.91,7.8,24399169
13/06/2019,7.97,8.17,7.89,8.02,7.91,44958750
13/06/2019,0.09561 Dividendo,,,,,
12/06/2019,8.15,8.15,7.98,8.02,7.82,35506798
11/06/2019,8.44,8.45,8.1,8.11,7.91,21936110
10/06/2019,8.15,8.5,8.14,8.39,8.18,45270013
07/06/2019,8.04,8.18,8.04,8.1,7.9,9991022
06/06/2019,8.17,8.24,7.95,8.02,7.82,28028112
05/06/2019,8.33,8.4,8.13,8.19,7.98,30656435
04/06/2019,8.18,8.48,8.13,8.29,8.08,35164210
03/06/2019,8.01,8.24,7.99,8.12,7.91,36547141
31/05/2019,7.85,8.12,7.79,7.99,7.79,43535329
30/05/2019,8.04,8.24,7.93,8.09,7.89,37044330
29/05/2019,7.62,8.01,7.59,7.98,7.78,49793502
28/05/2019,7.94,7.99,7.57,7.65,7.46,125443880
27/05/2019,8.02,8.03,7.9,7.92,7.72,9494818
24/05/2019,8.24,8.25,8,8.02,7.82,21547015
23/05/2019,8.18,8.24,8.02,8.2,7.99,35577017
22/05/2019,8.3,8.31,8.17,8.24,8.03,27032260
21/05/2019,8.41,8.44,8.28,8.3,8.09,35416125
20/05/2019,8.36,8.45,8.29,8.37,8.16,17421098
17/05/2019,8.38,8.45,8.34,8.38,8.17,21983104
16/05/2019,8.39,8.52,8.35,8.41,8.2,62733791
15/05/2019,8.35,8.49,8.34,8.4,8.19,27421885
14/05/2019,8.32,8.6,8.32,8.38,8.17,46136814
13/05/2019,8.54,8.54,8.28,8.3,8.09,39779324
10/05/2019,8.66,8.72,8.5,8.59,8.37,37494770
09/05/2019,8.56,8.72,8.51,8.69,8.47,36361323
08/05/2019,8.63,8.7,8.59,8.62,8.4,17262959
07/05/2019,8.73,8.75,8.6,8.62,8.4,18297128
06/05/2019,8.76,8.85,8.67,8.76,8.54,13858088
03/05/2019,8.72,8.83,8.71,8.81,8.59,24894441
02/05/2019,8.77,8.84,8.63,8.71,8.49,31639069
30/04/2019,8.72,8.82,8.66,8.77,8.55,23801991
29/04/2019,8.77,8.83,8.66,8.7,8.48,23659299
26/04/2019,8.84,8.85,8.72,8.77,8.55,32453576
25/04/2019,9.21,9.21,8.79,8.82,8.6,44142451
24/04/2019,9.08,9.2,9.02,9.19,8.96,32068930
23/04/2019,9.13,9.19,8.95,9.06,8.83,35037832
22/04/2019,9.23,9.23,9.12,9.15,8.92,17035440
17/04/2019,9.2,9.32,9.11,9.24,9.01,20605293
16/04/2019,9.06,9.21,9.06,9.18,8.95,26850581
15/04/2019,9.01,9.2,8.92,9.07,8.84,19954037
12/04/2019,9.08,9.12,8.91,9.01,8.78,26083007
11/04/2019,9.38,9.38,9.01,9.04,8.81,37398698
10/04/2019,9.46,9.46,9.31,9.38,9.14,29090772
09/04/2019,9.68,9.68,9.42,9.46,9.22,37580651
08/04/2019,9.48,9.74,9.4,9.71,9.46,36515197
05/04/2019,9.36,9.52,9.33,9.5,9.26,51099703
04/04/2019,9.28,9.45,9.17,9.36,9.12,34938407
03/04/2019,9.16,9.3,9.16,9.26,9.03,34073457
02/04/2019,9.01,9.19,8.96,9.15,8.92,24933023
01/04/2019,9.07,9.21,9.07,9.19,8.96,26035325
29/03/2019,8.95,9.13,8.82,9.07,8.84,63923026
28/03/2019,9.2,9.23,8.85,8.88,8.66,60571254
27/03/2019,9.05,9.22,9.01,9.2,8.97,40909191
26/03/2019,9.13,9.19,8.94,9,8.77,39023018
25/03/2019,8.8,9.17,8.76,9.13,8.9,50709081
22/03/2019,9.25,9.28,8.71,8.75,8.53,76739162
21/03/2019,9.35,9.55,9.22,9.32,9.08,31775432
20/03/2019,9.32,9.41,9.1,9.39,9.15,42436093
19/03/2019,9.2,9.41,9.2,9.29,9.06,39232698
15/03/2019,9.05,9.19,9.03,9.16,8.93,119659148
14/03/2019,9.17,9.19,8.95,9.03,8.8,28863558
13/03/2019,9.17,9.18,9.05,9.13,8.9,23444797
12/03/2019,9.2,9.26,9.09,9.13,8.9,23331090
11/03/2019,9.02,9.22,9.02,9.2,8.97,15297896
08/03/2019,9.07,9.14,8.96,9.03,8.8,22910081
07/03/2019,9.2,9.2,9,9.09,8.86,34424529
06/03/2019,9.16,9.29,9.05,9.18,8.95,16682170
05/03/2019,9.33,9.33,9.14,9.17,8.94,26107357
04/03/2019,9.39,9.49,9.24,9.34,9.1,21876634
01/03/2019,9.49,9.55,9.22,9.44,9.2,16413843
28/02/2019,9.35,9.54,9.17,9.46,9.22,112851457
27/02/2019,9.53,9.54,9.36,9.39,9.15,20467068
26/02/2019,9.49,9.55,9.41,9.53,9.29,23399250
25/02/2019,9.6,9.64,9.35,9.44,9.2,45426294
22/02/2019,9.69,9.72,9.51,9.58,9.34,28607449
21/02/2019,9.67,9.72,9.6,9.67,9.43,24750788
20/02/2019,9.67,9.88,9.59,9.72,9.47,43955746
19/02/2019,9.55,9.63,9.4,9.42,9.18,19342279
18/02/2019,9.53,9.67,9.51,9.55,9.31,4343672
15/02/2019,9.53,9.62,9.44,9.5,9.26,23693594
14/02/2019,9.42,9.53,9.24,9.5,9.26,30831365
13/02/2019,9.61,9.76,9.31,9.36,9.12,39652289
12/02/2019,9.49,9.68,9.46,9.63,9.39,54671411
11/02/2019,9.31,9.5,9.18,9.46,9.22,23463747
08/02/2019,9.48,9.48,9.14,9.31,9.07,34675928
07/02/2019,10.15,10.2,9.42,9.46,9.22,63199228
06/02/2019,10.51,10.55,10.12,10.15,9.89,47525614
05/02/2019,10.18,10.5,10.18,10.49,10.23,21134223
01/02/2019,10.38,10.44,10.16,10.2,9.94,22046691
31/01/2019,10.25,10.46,10.15,10.33,10.07,34533682
30/01/2019,10.1,10.28,9.96,10.23,9.97,30815752
29/01/2019,10.18,10.25,10.05,10.08,9.83,25156123
28/01/2019,10.1,10.18,9.99,10.13,9.87,42308405
25/01/2019,10.06,10.23,10.06,10.1,9.84,33521410
24/01/2019,10.03,10.2,9.98,10,9.75,37044988
23/01/2019,10.36,10.47,9.9,9.99,9.74,53615824
22/01/2019,10.61,10.65,10.3,10.39,10.13,32959545
21/01/2019,10.7,10.72,10.53,10.59,10.32,11603166
18/01/2019,10.45,10.78,10.36,10.68,10.41,38914618
17/01/2019,10.2,10.44,10.18,10.4,10.14,49800589
16/01/2019,9.91,10.21,9.89,10.19,9.93,45541036
15/01/2019,9.93,10.01,9.85,9.93,9.68,38436418
14/01/2019,10.03,10.13,9.87,9.95,9.7,19850027
11/01/2019,10.17,10.17,9.94,10.04,9.79,23658346
10/01/2019,10.24,10.27,10.05,10.16,9.9,27587993
09/01/2019,10.12,10.4,10.1,10.2,9.94,43430708
08/01/2019,9.95,10.14,9.9,10.11,9.85,35977574
07/01/2019,9.63,9.93,9.48,9.89,9.64,20506020
04/01/2019,9.64,9.79,9.5,9.61,9.37,18881858
03/01/2019,9.71,9.77,9.49,9.58,9.34,19429709
02/01/2019,9.45,9.79,9.44,9.77,9.52,11805436
31/12/2018,9.47,9.61,9.37,9.49,9.25,17376995
28/12/2018,9.47,9.55,9.42,9.46,9.22,10061667
27/12/2018,9.46,9.49,9.25,9.47,9.23,20361948
26/12/2018,9.4,9.55,9.26,9.5,9.26,17514388
24/12/2018,9.51,9.63,9.37,9.42,9.18,6532639
21/12/2018,9.57,9.72,9.44,9.55,9.31,102773346
20/12/2018,9.86,10.01,9.56,9.62,9.38,37808403
19/12/2018,9.69,10.2,9.69,9.77,9.52,61334192
18/12/2018,9.51,9.83,9.46,9.69,9.45,42786126
17/12/2018,9.46,9.61,9.37,9.43,9.19,32890640
14/12/2018,9.43,9.59,9.26,9.48,9.24,36295373
13/12/2018,9.59,9.7,9.4,9.42,9.18,41441460
11/12/2018,9.82,9.88,9.47,9.56,9.32,31416291
10/12/2018,10.15,10.15,9.67,9.69,9.45,44215549
07/12/2018,10.14,10.4,10.14,10.19,9.93,28305068
06/12/2018,9.91,10.13,9.75,10.09,9.84,46664802
05/12/2018,10.12,10.17,10.04,10.09,9.84,6785790
04/12/2018,10.46,10.68,10,10.03,9.78,45889968
03/12/2018,10.62,10.81,10.3,10.47,10.21,55638369
30/11/2018,10.41,10.51,10.15,10.47,10.21,58340215
29/11/2018,10.02,10.52,10.01,10.36,10.1,57607403
28/11/2018,9.61,9.97,9.46,9.94,9.69,59709251
27/11/2018,9.34,9.55,9.21,9.5,9.26,49108220
26/11/2018,9.67,9.89,9.15,9.31,9.07,60785963
23/11/2018,9.23,9.68,9.21,9.51,9.27,28498371
22/11/2018,9.47,9.49,8.94,9.07,8.84,17356452
21/11/2018,9.99,10.2,9.35,9.42,9.18,71733371
20/11/2018,9.95,10.27,9.89,9.94,9.69,35386806
16/11/2018,10,10.31,9.98,10.14,9.88,47565980
15/11/2018,10.03,10.32,9.96,10,9.75,41639625
14/11/2018,10.07,10.53,10.03,10.08,9.83,54815588
13/11/2018,10.29,10.46,10.03,10.09,9.84,36835665
12/11/2018,10.76,10.76,10.15,10.24,9.98,40053116
09/11/2018,10.66,10.74,10.02,10.71,10.44,45562864
08/11/2018,11.17,11.24,10.53,10.66,10.39,51309323
07/11/2018,11.14,11.47,11.1,11.22,10.94,43000818
06/11/2018,11.03,11.33,10.86,11.06,10.78,37702065
05/11/2018,10.87,11.22,10.77,10.99,10.71,55522463
01/11/2018,10.2,10.93,10.16,10.88,10.61,45328710
31/10/2018,10.21,10.6,10,10.14,9.88,79243439
30/10/2018,9.76,10.3,9.64,10.12,9.86,69520630
29/10/2018,10.11,10.41,9.5,9.76,9.51,84132764
26/10/2018,10.38,10.38,9.85,10.24,9.98,70208675
25/10/2018,10.69,11.28,10.33,10.42,10.16,46097931
24/10/2018,10.77,10.88,10.54,10.58,10.31,44017731
23/10/2018,10.86,10.94,10.65,10.76,10.49,45602338
22/10/2018,11.42,11.57,11,11.02,10.74,33495697
19/10/2018,11.36,11.49,11.24,11.4,11.11,38761422
18/10/2018,11.99,11.99,11.26,11.32,11.03,48605263
17/10/2018,12.09,12.18,11.78,11.83,11.53,21685674
16/10/2018,12.05,12.29,11.92,12.1,11.79,22379214
15/10/2018,11.83,12.1,11.68,11.99,11.69,20678795
12/10/2018,11.79,11.93,11.57,11.77,11.47,21999680
11/10/2018,11.91,12.03,11.55,11.6,11.31,34588906
10/10/2018,12.18,12.18,11.9,11.93,11.63,33197814
09/10/2018,12.05,12.21,11.81,12.18,11.87,19033251
08/10/2018,12.1,12.11,11.85,12.06,11.76,32036544
05/10/2018,12.66,12.66,12.1,12.13,11.82,47318532
04/10/2018,13.02,13.02,12.55,12.66,12.34,33282030
03/10/2018,13.12,13.22,12.95,12.99,12.66,15776125
02/10/2018,13.33,13.44,13.1,13.12,12.79,14672784
01/10/2018,13.21,13.52,13.19,13.36,13.02,18258135
28/09/2018,13.23,13.36,13.01,13.14,12.81,18345450
27/09/2018,13.1,13.35,13.1,13.32,12.98,17468043
26/09/2018,13.15,13.31,13.05,13.07,12.74,15014598
25/09/2018,13.19,13.3,13.12,13.15,12.82,11227551
24/09/2018,13.28,13.32,13.06,13.13,12.8,18822577
21/09/2018,13.47,13.47,13.22,13.28,12.94,83292081
20/09/2018,13.52,13.67,13.42,13.48,13.14,15715432
19/09/2018,13.55,13.75,13.47,13.49,13.15,18686915
18/09/2018,13.33,13.6,13.33,13.58,13.24,16479515
17/09/2018,13.45,13.66,13.33,13.38,13.04,13477714
14/09/2018,13.22,13.5,13.2,13.44,13.1,18330176
13/09/2018,13.3,13.49,13.29,13.34,13,34914349
12/09/2018,13.04,13.4,13.04,13.31,12.97,31256827
11/09/2018,13.05,13.2,12.96,13.11,12.78,14037076
10/09/2018,13.22,13.22,12.9,13.11,12.78,11816668
07/09/2018,13.05,13.2,12.87,13.17,12.84,21840107
06/09/2018,13.2,13.35,13.05,13.07,12.74,20210476
05/09/2018,13.39,13.41,13.1,13.13,12.8,39253016
04/09/2018,13.41,13.59,13.25,13.41,13.07,30382458
03/09/2018,13.46,13.63,13.34,13.39,13.05,3255255
31/08/2018,13.63,13.69,13.48,13.53,13.19,38143170
30/08/2018,13.75,13.83,13.5,13.68,13.33,17419023
29/08/2018,13.54,13.83,13.54,13.78,13.43,21831830
28/08/2018,13.9,13.98,13.5,13.56,13.22,37256448
27/08/2018,13.32,13.88,13.23,13.83,13.48,27309841
24/08/2018,13.3,13.42,13.14,13.27,12.93,9537745
23/08/2018,13.39,13.52,13.25,13.3,12.96,21212714
22/08/2018,13.11,13.45,13,13.39,13.05,29778641
21/08/2018,12.83,13.24,12.78,13.19,12.86,31740397
20/08/2018,12.75,12.86,12.51,12.77,12.45,14860302
17/08/2018,12.6,12.79,12.57,12.75,12.43,32329039
16/08/2018,13.16,13.16,12.51,12.59,12.27,50269622
15/08/2018,13.35,13.35,12.91,13.12,12.79,38160812
14/08/2018,13.2,13.47,13.12,13.42,13.08,26843049
13/08/2018,13.34,13.34,13.1,13.18,12.85,20810340
10/08/2018,13.21,13.34,13.04,13.28,12.94,77455533
09/08/2018,13.83,13.83,13.26,13.28,12.94,27638647
08/08/2018,13.8,13.81,13.65,13.79,13.44,16339302
07/08/2018,14,14.09,13.75,13.77,13.42,26727228
06/08/2018,13.9,14.05,13.86,13.93,13.58,14199091
03/08/2018,13.8,13.9,13.66,13.88,13.53,14792549
02/08/2018,13.84,13.84,13.6,13.78,13.43,14054557
01/08/2018,13.86,14.03,13.73,13.9,13.55,18949403
31/07/2018,14.01,14.1,13.82,13.89,13.54,27274939
30/07/2018,13.89,14.07,13.79,14.01,13.66,24264019
27/07/2018,13.8,14.06,13.73,13.93,13.58,30108408
26/07/2018,13.37,14.1,13.3,13.82,13.47,55573516
25/07/2018,13.24,13.44,13.02,13.23,12.9,36435912
24/07/2018,12.78,13.3,12.74,13.17,12.84,37817389
23/07/2018,12.76,12.89,12.5,12.72,12.4,16150464
20/07/2018,12.75,13.03,12.15,12.73,12.41,17766848
19/07/2018,12.78,12.96,12.72,12.78,12.46,22455050
18/07/2018,12.55,12.87,12.52,12.82,12.5,17564815
17/07/2018,12.65,12.7,12.41,12.58,12.26,30742912
16/07/2018,12.8,12.8,12.5,12.63,12.31,18516549
13/07/2018,13.03,13.12,12.8,12.86,12.54,30204780
12/07/2018,13.22,13.33,13.04,13.05,12.72,21098442
11/07/2018,13.22,13.31,13.1,13.27,12.93,15709539
10/07/2018,13.41,13.46,13.2,13.31,12.97,34057718
09/07/2018,13.4,13.6,13.19,13.45,13.11,17265914
06/07/2018,13.45,13.53,13.26,13.34,13,37407912
05/07/2018,13.11,13.5,12.85,13.45,13.11,67318034
04/07/2018,12.88,13.12,12.8,13.06,12.73,3873106
03/07/2018,12.66,13.17,12.57,12.96,12.63,28216458
02/07/2018,13.11,13.11,12.38,12.69,12.37,21073924
29/06/2018,13.04,13.2,12.86,13.06,12.73,40197751
28/06/2018,12.94,13.05,12.7,13.01,12.68,33646598
27/06/2018,13.12,13.38,12.87,12.94,12.61,29175208
26/06/2018,12.58,13.16,12.52,13.14,12.81,25950655
25/06/2018,12.72,12.74,12.49,12.6,12.28,18366115
22/06/2018,12.62,12.84,12.52,12.75,12.43,21194753
21/06/2018,12.81,13.42,12.52,12.55,12.23,38445734
20/06/2018,12.71,12.92,12.59,12.88,12.55,18783347
19/06/2018,12.62,12.82,12.47,12.71,12.39,29846273
18/06/2018,12.87,12.87,12.53,12.65,12.33,17112773
15/06/2018,12.88,12.92,12.71,12.87,12.55,80283332
14/06/2018,12.52,12.94,12.43,12.89,12.56,37174432
13/06/2018,12.6,12.79,12.55,12.63,12.31,36919924
12/06/2018,12.7,12.78,12.56,12.67,12.35,26466611
11/06/2018,12.25,12.73,12.23,12.7,12.38,41375417
08/06/2018,12.12,12.29,12.12,12.24,11.93,20602371
07/06/2018,12.25,12.28,12.02,12.2,11.89,20064798
06/06/2018,12.23,12.3,12.14,12.25,11.94,27929322
05/06/2018,11.99,12.26,11.97,12.14,11.83,34077100
04/06/2018,11.86,12.08,11.86,12.01,11.71,20929558
01/06/2018,11.88,12.02,11.77,11.84,11.54,18676837
31/05/2018,11.72,11.9,11.7,11.86,11.56,73802402
30/05/2018,11.79,11.87,11.62,11.74,11.44,25998584
29/05/2018,11.7,11.8,11.59,11.75,11.45,20608996
28/05/2018,11.8,11.88,11.56,11.67,11.38,6010346
25/05/2018,11.71,11.9,11.71,11.75,11.45,29716407
24/05/2018,11.83,11.98,11.7,11.77,11.47,13466330
23/05/2018,11.85,12.17,11.69,11.91,11.61,32205141
22/05/2018,11.84,11.96,11.84,11.91,11.61,33645112
21/05/2018,11.62,12.24,11.47,11.89,11.59,34113663
18/05/2018,11.55,11.71,11.45,11.67,11.38,111931843
17/05/2018,11.8,11.98,11.52,11.56,11.27,31980170
16/05/2018,11.57,11.88,11.55,11.85,11.55,19703710
15/05/2018,11.57,11.66,11.47,11.57,11.28,15957342
14/05/2018,11.67,11.75,11.56,11.6,11.31,14568731
11/05/2018,11.78,11.79,11.51,11.72,11.42,21554181
10/05/2018,11.57,11.96,11.57,11.68,11.39,20829456
09/05/2018,11.7,11.81,11.51,11.67,11.38,25589697
08/05/2018,11.38,11.7,11.37,11.67,11.38,26977226
07/05/2018,11.52,11.58,11.33,11.35,11.06,28937378
04/05/2018,11.49,11.64,11.38,11.54,11.25,30073291
03/05/2018,11.37,11.51,11.28,11.44,11.15,46692351
02/05/2018,11.6,11.72,11.39,11.44,11.15,41814824
30/04/2018,11.69,11.95,11.66,11.7,11.4,28188364
27/04/2018,12.16,12.16,11.61,11.67,11.38,52988802
26/04/2018,12.35,12.53,11.94,12.16,11.85,52201076
25/04/2018,12.54,12.75,12.39,12.47,12.16,23414929
24/04/2018,12.92,12.98,12.48,12.5,12.18,26181285
23/04/2018,12.65,12.98,12.65,12.86,12.54,20098542
20/04/2018,12.82,12.98,12.67,12.69,12.37,22297978
19/04/2018,12.96,13.15,12.73,12.85,12.53,29537574
18/04/2018,12.95,13.2,12.95,13.05,12.72,34665820
17/04/2018,12.55,12.95,12.55,12.92,12.59,29760024
16/04/2018,13,13,12.57,12.6,12.28,23639911
13/04/2018,13.08,13.08,12.77,12.89,12.56,29612262
12/04/2018,13.05,13.16,12.94,13.06,12.73,21591311
11/04/2018,12.93,13.08,12.88,13.05,12.72,23651249
10/04/2018,13.15,13.23,12.91,12.98,12.65,34744241
09/04/2018,12.91,13.19,12.87,13.04,12.71,34671249
06/04/2018,12.6,12.76,12.34,12.66,12.34,28464382
05/04/2018,12.48,12.71,12.41,12.63,12.31,29949923
04/04/2018,12,12.45,11.87,12.4,12.09,52070386
03/04/2018,11.97,12.14,11.9,12.12,11.81,39047275
02/04/2018,12.07,12.21,11.86,11.99,11.69,28343669
28/03/2018,12.65,12.67,11.98,12.03,11.73,85970613
27/03/2018,12.95,13.05,12.6,12.65,12.33,36881469
26/03/2018,13.09,13.09,12.64,12.92,12.59,52385055
23/03/2018,13.09,13.39,12.85,12.99,12.66,94421877
22/03/2018,12.63,12.63,12.38,12.43,12.12,39604240
21/03/2018,12.66,12.8,12.44,12.65,12.33,50235189
20/03/2018,12.91,12.97,12.6,12.62,12.3,51660346
16/03/2018,13.35,13.39,12.99,13.07,12.74,139380488
15/03/2018,13.48,13.8,13.34,13.38,13.04,25124222
14/03/2018,13.68,13.68,13.34,13.44,13.1,29191430
13/03/2018,13.51,13.73,13.43,13.68,13.33,31518915
12/03/2018,13.78,13.79,13.47,13.55,13.21,43340244
09/03/2018,13.61,13.82,13.54,13.72,13.37,57458527
08/03/2018,13.06,13.57,12.96,13.55,13.21,35734016
07/03/2018,13.01,13.11,12.9,13,12.67,39379428
06/03/2018,13.14,13.28,13.07,13.15,12.82,38347730
05/03/2018,13.13,13.2,12.94,13.01,12.68,36961456
02/03/2018,12.94,13.17,12.66,13.1,12.77,31227524
01/03/2018,12.52,13.14,12.52,13.1,12.77,58618380
28/02/2018,12.75,12.75,12.23,12.45,12.14,50557418
27/02/2018,13.11,13.23,12.65,12.69,12.37,38799200
26/02/2018,13.21,13.34,12.87,13.05,12.72,28218959
23/02/2018,13.56,13.56,13.18,13.23,12.9,22451125
22/02/2018,13.31,13.68,13.27,13.5,13.16,27195578
21/02/2018,13.56,13.59,13.19,13.28,12.94,33674788
20/02/2018,14,14,13.46,13.52,13.18,47586924
19/02/2018,13.98,14.03,13.84,13.93,13.58,2718387
16/02/2018,13.92,14.16,13.7,13.91,13.56,28825388
15/02/2018,14.1,14.1,13.76,13.94,13.59,41580110
14/02/2018,13.77,14.23,13.65,14.14,13.78,30484471
13/02/2018,13.79,13.91,13.65,13.78,13.43,26233507
12/02/2018,14,14.13,13.76,13.79,13.44,37611076
09/02/2018,14.1,14.31,13.57,13.96,13.61,56598229
08/02/2018,14.76,14.76,13.9,14.03,13.68,69463653
07/02/2018,14.92,15.13,14.65,14.7,14.33,38404861
06/02/2018,14.75,15.06,14.6,14.92,14.54,49267967
02/02/2018,15.29,15.43,15.06,15.21,14.83,23119337
01/02/2018,15.54,15.67,15.29,15.34,14.95,31294500
31/01/2018,15.77,15.8,15.43,15.48,15.09,44366076
30/01/2018,15.4,15.79,15.33,15.77,15.37,28497243
29/01/2018,15.65,15.7,15.35,15.51,15.12,34366187
26/01/2018,15.39,15.8,15.27,15.7,15.3,37214225
25/01/2018,15.61,15.74,15.38,15.43,15.04,34295305
24/01/2018,15.51,15.8,15.51,15.58,15.19,42599136
23/01/2018,15.46,15.64,15.29,15.62,15.23,30091249
22/01/2018,15.35,15.49,15.27,15.4,15.01,24592728
19/01/2018,15.26,15.37,15.24,15.27,14.88,27913214
18/01/2018,15.33,15.33,15.18,15.25,14.86,15667407
17/01/2018,15.46,15.46,15.18,15.29,14.9,25372843
16/01/2018,15.4,15.51,15.22,15.36,14.97,22460928
15/01/2018,15.42,15.55,15.23,15.37,14.98,5244368
12/01/2018,15.3,15.55,15.21,15.31,14.92,24317854
11/01/2018,15.01,15.37,15.01,15.33,14.94,33135350
10/01/2018,15.04,15.1,14.84,15.01,14.63,30729924
09/01/2018,15.15,15.19,14.89,14.95,14.57,41420804
08/01/2018,15.28,15.29,15.09,15.15,14.77,23971658
05/01/2018,15.42,15.51,15.15,15.18,14.8,25383892
04/01/2018,15.32,15.49,15.28,15.39,15,26302699
03/01/2018,15.07,15.43,15.02,15.25,14.86,27899237
02/01/2018,14.77,15.13,14.61,15.07,14.69,19881071
29/12/2017,14.75,14.81,14.62,14.7,14.33,13852615
28/12/2017,14.85,14.87,14.69,14.75,14.38,12884033
27/12/2017,14.8,14.86,14.71,14.78,14.41,8640909
26/12/2017,14.66,14.87,14.61,14.78,14.41,11862775
22/12/2017,14.74,14.75,14.61,14.71,14.34,31431545
21/12/2017,14.5,14.79,14.5,14.68,14.31,28440411
20/12/2017,14.19,14.5,14.19,14.49,14.12,29005527
19/12/2017,14.44,14.58,14.17,14.26,13.9,42031160
18/12/2017,14.19,14.41,14.13,14.32,13.96,32773109
15/12/2017,14.28,14.48,14.15,14.19,13.83,75945505
14/12/2017,14.52,14.52,14.2,14.36,14,48078996
13/12/2017,14.47,14.58,14.31,14.47,14.1,46658679
11/12/2017,14.1,14.44,14.1,14.29,13.93,34003283
08/12/2017,13.95,14.23,13.92,14.19,13.83,21708477
07/12/2017,13.63,14.06,13.53,13.89,13.54,39891247
06/12/2017,13.75,13.83,13.55,13.6,13.26,40326361
05/12/2017,13.92,13.93,13.72,13.77,13.42,24912830
04/12/2017,14.06,14.26,13.83,13.87,13.52,31575441
01/12/2017,14.2,14.35,13.88,14.06,13.71,38310317
30/11/2017,14.63,14.63,14.17,14.26,13.9,68931326
29/11/2017,14.62,14.62,14.4,14.51,14.14,35100513
28/11/2017,14.45,14.62,14.26,14.6,14.23,42966740
27/11/2017,14.57,14.57,14.39,14.44,14.08,34441795
24/11/2017,14.84,14.84,14.52,14.65,14.28,17420920
23/11/2017,14.7,14.87,14.69,14.85,14.48,4709277
22/11/2017,14.8,14.92,14.61,14.64,14.27,30722194
21/11/2017,14.91,14.99,14.75,14.77,14.4,33260284
17/11/2017,15.02,15.1,14.89,14.91,14.53,17280444
16/11/2017,15.08,15.25,14.9,15.02,14.64,27180716
15/11/2017,15,15.17,14.87,14.91,14.53,36542384
14/11/2017,15.26,15.26,15.02,15.08,14.7,21630415
13/11/2017,15.54,15.56,15.13,15.19,14.81,75135009
10/11/2017,15.68,15.73,15.52,15.54,15.15,43976375
09/11/2017,15.59,15.8,15.53,15.76,15.36,27126345
08/11/2017,15.54,15.71,15.45,15.68,15.28,14636880
07/11/2017,15.27,15.56,15.27,15.52,15.13,34925935
06/11/2017,15.3,15.43,15.05,15.37,14.98,45979159
03/11/2017,15.31,15.45,15.15,15.17,14.79,26095947
01/11/2017,15.63,15.75,15.25,15.3,14.91,37896702
31/10/2017,15.53,15.8,15.21,15.58,15.19,30210742
30/10/2017,15.72,15.85,15.44,15.51,15.12,16559656
27/10/2017,15.81,15.85,15.55,15.75,15.35,28983715
26/10/2017,15.61,15.91,15.61,15.75,15.35,33263346
25/10/2017,15.92,15.92,15.45,15.52,15.13,41082910
24/10/2017,15.55,15.93,15.55,15.89,15.49,38531829
23/10/2017,15.24,15.63,15.24,15.46,15.07,22325707
20/10/2017,15.37,15.59,15.14,15.18,14.8,24350345
19/10/2017,15.23,15.32,15.05,15.3,14.91,16202877
18/10/2017,15.33,15.68,15.17,15.21,14.83,35812773
17/10/2017,15,15.4,14.93,15.34,14.95,52664047
16/10/2017,15.36,15.4,14.82,14.9,14.52,30988295
13/10/2017,15.11,15.44,15.09,15.29,14.9,30970514
12/10/2017,15.54,15.54,15,15.09,14.71,45054470
11/10/2017,15.93,15.93,15.35,15.4,15.01,54330607
10/10/2017,16.26,16.26,15.86,15.91,15.51,43723986
09/10/2017,16.68,16.68,16.14,16.18,15.77,26577736
06/10/2017,16.59,16.68,16.43,16.62,16.2,22830517
05/10/2017,16.49,16.63,16.45,16.49,16.07,18550432
04/10/2017,16.6,16.6,16.46,16.54,16.12,15960138
03/10/2017,16.64,16.66,16.45,16.56,16.14,13724897
02/10/2017,16.58,16.69,16.53,16.57,16.15,15210108
29/09/2017,16.33,16.62,16.33,16.55,16.13,19617313
28/09/2017,16.37,16.58,16.33,16.36,15.95,23440643
27/09/2017,16.45,16.69,16.35,16.42,16.01,22204239
26/09/2017,16.55,16.6,16.42,16.47,16.05,18280368
25/09/2017,16.59,16.71,16.35,16.5,16.08,25745333
22/09/2017,16.61,16.76,16.55,16.58,16.16,15849207
21/09/2017,16.69,16.77,16.42,16.72,16.3,23283994
20/09/2017,16.31,16.7,16.26,16.65,16.23,30778678
19/09/2017,16.19,16.25,16.01,16.24,15.83,17400673
18/09/2017,15.93,16.27,15.85,16.14,15.73,21906682
15/09/2017,16.13,16.13,15.97,16,15.6,83545681
14/09/2017,15.95,16.2,15.95,16.15,15.74,20566650
13/09/2017,16.26,16.26,15.96,15.98,15.58,32022760
12/09/2017,16.16,16.27,16.09,16.21,15.8,30660781
11/09/2017,16.27,16.41,15.99,16.12,15.71,37186837
08/09/2017,16.2,16.25,16.01,16.21,15.8,22805081
07/09/2017,16.34,16.34,16.13,16.16,15.75,29627574
06/09/2017,16.38,16.51,16.3,16.34,15.93,43304078
05/09/2017,16.68,16.83,16.38,16.42,16.01,34692240
04/09/2017,16.72,16.8,16.63,16.66,16.24,1679033
01/09/2017,16.77,16.87,16.59,16.84,16.41,21589209
31/08/2017,16.92,16.94,16.59,16.71,16.29,37458524
30/08/2017,16.42,16.91,16.41,16.89,16.46,57760880
29/08/2017,16.16,16.43,16,16.4,15.99,30157062
28/08/2017,16.23,16.33,15.86,16.28,15.87,30875502
25/08/2017,16.15,16.31,16.01,16.16,15.75,33496193
24/08/2017,16.11,16.15,15.98,16.11,15.7,61351534
23/08/2017,16.2,16.24,16.1,16.15,15.74,24742568
22/08/2017,16.27,16.41,16.16,16.2,15.79,26803695
21/08/2017,16.36,16.41,16.19,16.24,15.83,19066696
18/08/2017,16.49,16.63,16.3,16.37,15.96,24433257
17/08/2017,16.52,16.58,16.32,16.42,16.01,19133663
16/08/2017,16.56,16.68,16.42,16.52,16.1,29108946
15/08/2017,16.69,16.77,16.49,16.55,16.13,19911791
14/08/2017,16.61,16.73,16.52,16.61,16.19,26751887
11/08/2017,16.7,16.81,16.44,16.5,16.08,44065493
10/08/2017,17.11,17.11,16.57,16.69,16.27,42970497
09/08/2017,17.33,17.33,17.1,17.17,16.74,17068827
08/08/2017,17.37,17.47,17.22,17.25,16.81,24373156
07/08/2017,17.48,17.58,17.39,17.43,16.99,11666276
04/08/2017,17.38,17.53,17.2,17.5,17.06,19140401
03/08/2017,17.5,17.63,17.23,17.3,16.86,22331247
02/08/2017,17.58,17.8,17.47,17.52,17.08,27103706
01/08/2017,17.33,17.66,17.28,17.61,17.17,35150582
31/07/2017,17.01,17.3,17.01,17.2,16.77,33408781
28/07/2017,17,17.17,16.87,17.15,16.72,49226271
27/07/2017,17.21,17.4,16.96,17.02,16.59,29747673
26/07/2017,17.5,17.72,17.12,17.3,16.86,44668686
25/07/2017,17.85,17.98,17.82,17.93,17.48,21387014
24/07/2017,17.93,17.94,17.71,17.9,17.45,18130755
21/07/2017,17.47,17.93,17.32,17.91,17.46,30262384
20/07/2017,17.29,17.51,17.23,17.46,17.02,25153141
19/07/2017,17.15,17.3,17.08,17.2,16.77,66990466
18/07/2017,17.57,17.57,17.01,17.17,16.74,36850723
17/07/2017,17.85,17.85,17.42,17.57,17.13,36605248
14/07/2017,17.97,18.04,17.77,18,17.55,23657377
13/07/2017,18.21,18.21,17.89,17.98,17.53,51700276
12/07/2017,18.19,18.39,18.13,18.26,17.8,58310217
11/07/2017,17.98,18.23,17.97,18.16,17.7,44963331
10/07/2017,17.8,18.14,17.67,18.04,17.58,40139558
07/07/2017,17.63,17.97,17.57,17.8,17.35,36777962
06/07/2017,17.79,17.85,17.66,17.7,17.25,39588099
05/07/2017,17.6,17.98,17.57,17.89,17.44,41217962
04/07/2017,17.46,17.6,17.31,17.57,17.13,5418737
03/07/2017,17.09,17.61,17.08,17.51,17.07,36017926
30/06/2017,16.79,17.09,16.66,17.05,16.62,45459409
29/06/2017,16.7,16.95,16.67,16.78,16.36,24507679
28/06/2017,16.55,16.85,16.47,16.81,16.39,39470026
27/06/2017,16.39,16.52,16.35,16.5,16.08,19166023
26/06/2017,16.45,16.53,16.34,16.44,16.02,24682544
23/06/2017,16.62,16.65,16.45,16.53,16.11,23670614
22/06/2017,16.68,16.7,16.47,16.62,16.2,16309632
21/06/2017,16.5,16.75,16.31,16.68,16.26,34562351
20/06/2017,16.71,16.84,16.47,16.54,16.12,34756827
19/06/2017,16.63,16.81,16.11,16.67,16.25,45550642
16/06/2017,16.51,16.77,16.37,16.6,16.18,175672430
15/06/2017,16.7,16.73,16.5,16.53,16.11,27481956
14/06/2017,16.64,16.92,16.57,16.73,16.31,34873580
13/06/2017,16.89,16.89,16.61,16.73,16.31,23049347
12/06/2017,16.73,16.88,16.61,16.84,16.41,32008032
09/06/2017,16.44,16.89,16.44,16.8,16.38,49688213
08/06/2017,16.17,16.55,16.11,16.39,15.98,27971789
07/06/2017,16.13,16.25,15.96,16.14,15.73,32348568
06/06/2017,15.88,16.24,15.72,16.12,15.71,32731228
05/06/2017,15.94,15.94,15.61,15.89,15.49,22548833
02/06/2017,15.65,15.96,15.65,15.94,15.54,27015303
01/06/2017,15.47,15.75,15.45,15.71,15.31,21348792
31/05/2017,15.76,15.88,15.38,15.42,15.03,48577928
30/05/2017,15.48,15.95,15.48,15.71,15.31,23465106
29/05/2017,15.55,15.63,15.47,15.52,15.13,6128456
26/05/2017,15.52,15.61,15.36,15.55,15.16,19526514
25/05/2017,15.7,15.7,15.36,15.52,15.13,31418456
24/05/2017,15.95,15.96,15.65,15.68,15.28,24454828
23/05/2017,15.82,15.98,15.69,15.94,15.54,19217183
22/05/2017,15.96,16.04,15.75,15.8,15.4,28907675
19/05/2017,15.6,16.14,15.56,15.96,15.56,39352984
18/05/2017,15.8,15.8,15.37,15.58,15.19,44445739
17/05/2017,16.11,16.18,15.8,15.82,15.42,43522499
16/05/2017,16.38,16.47,16.11,16.18,15.77,26736174
15/05/2017,16.41,16.55,16.31,16.38,15.97,17971556
12/05/2017,16.41,16.42,16.24,16.31,15.9,24055681
11/05/2017,16.67,16.79,16.33,16.41,16,27674358
10/05/2017,16.83,16.95,16.69,16.74,16.32,34653332
09/05/2017,16.63,16.83,16.54,16.79,16.37,19606624
08/05/2017,16.76,16.79,16.56,16.64,16.22,15368461
05/05/2017,16.43,16.77,16.41,16.72,16.3,17679018
04/05/2017,16.63,16.85,16.25,16.39,15.98,24798891
03/05/2017,17.29,17.29,16.54,16.56,16.14,30381206
03/05/2017,26:25 División de acciones,,,,,
02/05/2017,16.73,17.2,16.68,16.74,16.32,39893054
28/04/2017,16.86,16.99,16.62,16.65,16.23,20689023
27/04/2017,16.83,17.02,16.59,16.93,16.51,40627594
26/04/2017,16.68,16.82,16.35,16.79,16.36,43473996
25/04/2017,16.28,16.69,16.24,16.67,16.25,53854154
24/04/2017,16.17,16.25,15.99,16.2,15.79,26910222
21/04/2017,16.02,16.11,15.93,16.02,15.61,13158540
20/04/2017,15.91,16.06,15.71,16.04,15.63,38308894
19/04/2017,15.98,16.14,15.75,15.77,15.37,39705089
18/04/2017,16.13,16.13,15.78,15.9,15.5,29238566
17/04/2017,16.02,16.22,15.82,16.06,15.65,28240001
12/04/2017,16.68,16.68,16.17,16.22,15.81,28819329
11/04/2017,16.83,16.84,16.44,16.66,16.24,26588440
10/04/2017,16.86,16.88,16.6,16.78,16.36,21906230
07/04/2017,16.75,16.92,16.63,16.8,16.37,21515514
06/04/2017,16.88,17.09,16.66,16.75,16.33,26436103
05/04/2017,16.97,17.26,16.75,16.81,16.38,48437527
04/04/2017,16.38,17.07,16.38,16.9,16.48,61371146
03/04/2017,16.36,16.43,16.15,16.29,15.88,18991370
31/03/2017,15.96,16.44,15.95,16.3,15.89,47016124
30/03/2017,16.11,16.21,15.88,15.92,15.52,31755829
29/03/2017,16.02,16.12,15.85,16.09,15.68,42919839
28/03/2017,16.12,16.36,16.01,16.08,15.67,29383961
27/03/2017,16.09,16.19,15.87,16.15,15.75,41687296
24/03/2017,16.24,16.32,15.83,16.1,15.69,38682726
23/03/2017,16.25,16.37,16.13,16.16,15.76,39239834
22/03/2017,16.37,16.38,16.09,16.25,15.84,42243606
21/03/2017,16.77,16.77,16.22,16.26,15.85,65475017
17/03/2017,16.82,16.89,16.63,16.74,16.32,78432962
16/03/2017,16.54,16.85,16.24,16.83,16.4,57489605
15/03/2017,16.1,16.54,16.1,16.46,16.05,33065511
14/03/2017,16.47,16.47,16.03,16.18,15.77,54520135
13/03/2017,16.35,16.47,16.11,16.41,16,20979192
10/03/2017,16.55,16.57,16.23,16.28,15.87,19394591
09/03/2017,16.5,16.53,16.22,16.5,16.08,29697543
08/03/2017,16.73,16.88,16.44,16.46,16.05,22448725
07/03/2017,16.97,16.97,16.58,16.66,16.24,37071362
06/03/2017,16.56,17.05,16.43,17.01,16.58,28750792
03/03/2017,16.76,17.11,16.55,16.59,16.17,26340636
02/03/2017,17.28,17.39,16.58,16.63,16.21,54093983
01/03/2017,16.55,17.4,16.55,17.37,16.93,39232269
28/02/2017,16.88,16.89,16.29,16.36,15.94,43902593
27/02/2017,16.26,16.88,16.13,16.81,16.38,30724893
24/02/2017,16.35,16.36,16.05,16.28,15.87,18918547
23/02/2017,16.97,16.97,16.26,16.38,15.96,45247978
22/02/2017,17.24,17.31,16.8,16.83,16.4,27401712
21/02/2017,17.07,17.36,17,17.31,16.87,35934395
20/02/2017,17.07,17.16,16.97,17.02,16.59,3518055
17/02/2017,17.02,17.22,16.94,16.99,16.56,17131384
16/02/2017,17.34,17.49,16.94,17,16.57,33967412
15/02/2017,17.52,17.67,17.36,17.38,16.95,22995685
14/02/2017,17.75,17.75,17.38,17.59,17.14,32352109
13/02/2017,17.66,17.92,17.41,17.65,17.21,31369362
10/02/2017,17.4,17.78,17.4,17.57,17.12,27835156
09/02/2017,17.09,17.53,16.93,17.43,16.99,68719528
08/02/2017,17.37,17.4,17.05,17.1,16.66,61658971
07/02/2017,17.97,17.98,17.31,17.37,16.93,68200314
03/02/2017,18.36,18.37,17.9,18.05,17.59,35992043
02/02/2017,18.17,18.4,18.08,18.19,17.73,25324751
01/02/2017,18.65,18.65,18.12,18.16,17.7,25449524
31/01/2017,18.49,18.78,18.45,18.52,18.05,46082982
30/01/2017,18.55,18.56,18.2,18.46,18,29349596
27/01/2017,18.58,18.89,18.36,18.62,18.15,25257574
26/01/2017,19.04,19.12,18.51,18.58,18.11,54354769
25/01/2017,19.01,19.27,18.58,19.12,18.63,41182692
24/01/2017,18.17,18.98,18.17,18.79,18.31,64212692
23/01/2017,18,18.32,17.75,18.05,17.59,25862397
20/01/2017,17.38,18.4,17.36,18.19,17.73,57334553
19/01/2017,17.48,17.59,17.26,17.41,16.97,29702951
18/01/2017,17.13,17.63,17.13,17.44,17,62048143
17/01/2017,16.2,17.15,16.2,17.06,16.63,57615395
16/01/2017,16.43,16.43,16.13,16.14,15.74,5054086
13/01/2017,16.83,16.83,16.4,16.43,16.02,24930440
12/01/2017,16.25,16.76,16.16,16.71,16.29,29469534
11/01/2017,16.18,16.39,16.14,16.37,15.95,27278560
10/01/2017,16.12,16.33,16.12,16.26,15.85,68963521
09/01/2017,16.37,16.37,16.1,16.19,15.78,33540896
06/01/2017,16.41,16.44,16.26,16.37,15.95,21608986
05/01/2017,16.4,16.49,16.3,16.37,15.95,34840503
04/01/2017,15.96,16.39,15.92,16.35,15.93,62703205
03/01/2017,15.97,16.24,15.83,15.9,15.5,36243134
02/01/2017,15.91,15.99,15.76,15.9,15.5,880416
